Workbook
Name Feed_list_merged_1: Complete_list!$F$1:$AF$345

Sheet Complete_list
A1: GLEAM_code | B1: Item_Name | C1: GLEAM3_name | D1: Category | E1: Data | F1: Item_code_CPC | G1: Source_Item_code_CPC | H1: Item_code_FAO | I1: Source_Item_code_FAO | J1: Description | K1: Cattle | L1: Sheep | M1: Goat | N1: Pigs | O1: Chicken | P1: Species | Q1: FAOSTAT domain | R1: cr_slope | S1: cr_intercept | T1: Dry matter content (%) | U1: GE (Mj/kgDM) | V1: DE_ruminats (Mj/kgDM) | W1: DE_pigs (Mj/kgDM) | X1: ME_ruminants (Mj/kgDM) | Y1: ME_pigs (Mj/kgDM) | Z1: ME_chickens (Mj/kgDM) | AA1: CP (% DM) | AB1: N_content (kg N / kg DM) | AC1: Nitrogen digestibility (%)ruminans | AD1: Nitrogen digestibility (%)pigs | AE1: Reference1 | AF1: Reference2 | AG1: Note
A2: F1 | B2: Fresh grass | C2: GRASSF | D2: Grass and leaves | E2: available | J2: Any type of natural or cultivated fresh grass grazed or fed to the animals. | K2: Y | L2: Y | M2: Y | N2: Y | O2: Y | P2: All | T2: =AVERAGE(T141,T152) -> 20.555 | U2: 18.7 | V2: =U2*68.4/100 -> 12.7908 | W2: =AVERAGE(7.1,8.7) -> 7.9 | X2: 10.7 | Y2: =AVERAGE(6.6,7.9) -> 7.25 | Z2: 5.65 | AA2: 16.2 | AB2: =AA2/6.25/100 -> 0.02592 | AC2: 71.3 | AD2: =AVERAGE(45.5,59.3) -> 52.4 | AE2: https://www.feedtables.com/content/grass-dehydrated
A3: F2 | B3: Wheat, straw | C3: WSTRAW | D3: Crop residues | E3: available | F3: 1913 | G3: 111 | H3: 635 | I3: 15 | J3: Fibrous residual plant material such as straw, brans, leaves, etc. from wheat (Triticum spp.) cultivation. | K3: Y | L3: Y | N3: Y | O3: Y | P3: Ruminants | Q3: Production | R3: 1.51 | S3: 0.52 | T3: 91 | U3: 18.5 | V3: 8.3 | W3: 2.3 | X3: 6.8 | Y3: 2 | AA3: 4.2 | AB3: 0.00672 | AC3: 3.5 | AE3: http://www.feedipedia.org/node/12758
A4: F3 | B4: Wheat | C4: WHEAT | D4: Cereals | E4: available | F4: 111 | G4: 111 | H4: 15 | I4: 15 | J4: Grains from wheat (Triticum aestivum). | K4: Y | M4: Y | N4: Y | O4: Y | P4: All | Q4: Production | T4: 87 | U4: 18.2 | V4: 15.6 | W4: 15.9 | X4: 13.1 | Y4: 15.5 | Z4: 14.1 | AA4: 12.6 | AB4: 0.02016 | AC4: 70.4 | AD4: 83.5 | AE4: https://www.feedipedia.org/node/223
A5: F4 | B5: Maize (corn), stover | C5: ZSTOVER | D5: Crop residues | E5: available | F5: 1913 | G5: 112 | H5: 635 | I5: 56 | J5: Fibrous residual plant material such as straw, brans, leaves, etc. from maize (Zea mays) cultivation. | K5: Y | L5: Y | N5: Y | O5: Y | P5: Ruminants | Q5: Production | R5: 1.03 | S5: 0.61 | T5: 61.2 | U5: 18.2 | V5: 9.4 | X5: 7.65 | AA5: 5.35 | AB5: 0.00856 | AC5: -37 | AE5: see sheet Maize stover)
A6: F5 | B6: Maize (corn) | C6: MAIZE | D6: Cereals | E6: available | F6: 112 | G6: 112 | H6: 56 | I6: 56 | J6: Grains from maize (Zea mays). | K6: Y | N6: Y | O6: Y | P6: All | Q6: Production | T6: 87.26 | U6: 18.716667 | V6: 16.1 | W6: 16.416667 | X6: 13.583333 | Y6: 16.033333 | Z6: 15.1375 | AA6: 9.1 | AB6: 0.01456 | AC6: 66 | AD6: 80.4 | AE6: see sheet Maize)
A7: F6 | B7: Rice, straw | C7: RSTRAW | D7: Crop residues | E7: available | F7: 1913 | G7: 113 | H7: 635 | I7: 27 | J7: Fibrous residual plant material such as straw, brans, leaves, etc. from rice (Oryza spp.) cultivation. | K7: Y | L7: Y | M7: Y | N7: Y | P7: Ruminants | Q7: Production | R7: 0.95 | S7: 2.46 | T7: 92.8 | U7: 15.5 | V7: 7.2 | W7: 5.4 | X7: 5.8 | AA7: 4.2 | AB7: 0.00672 | AC7: 2.1 | AE7: http://www.feedipedia.org/node/11646
A8: F7 | B8: Rice | C8: RICE | D8: Cereals | E8: available | F8: 113 | G8: 113 | H8: 27 | I8: 27 | J8: Grains from rice (Oryza spp.), polished | K8: Y | L8: Y | M8: Y | N8: Y | O8: Y | P8: All | Q8: Production | T8: 89.2 | U8: 18 | V8: 15.9 | W8: 17.1 | X8: 13.4 | Y8: 16.6 | Z8: =AVERAGE(15.9,15.6) -> 15.75 | AA8: 10.4 | AB8: =AA8/6.25/100 -> 0.01664 | AC8: 70 | AD8: 92 | AE8: https://www.feedipedia.org/node/12526
A9: F8 | B9: Sorghum, stover | C9: SSTOVER | D9: Crop residues | E9: available | F9: 1913 | G9: 114 | H9: 635 | I9: 83 | J9: Fibrous residual plant material such as straw, brans, leaves, etc. from sorghum (Sorghum spp.) cultivation. | K9: Y | L9: Y | M9: Y | P9: Ruminants | Q9: Production | R9: 0.88 | S9: 1.33 | T9: 93 | U9: 18.1 | V9: 8.9 | X9: 7.3 | AA9: 3.7 | AB9: 0.00592 | AC9: 30 | AE9: http://www.feedipedia.org/node/12618
A10: F9 | B10: Sorghum | C10: SORGHUM | D10: Cereals | E10: available | F10: 114 | G10: 114 | H10: 83 | I10: 83 | J10: Grains from sorghum (Sorghum spp.). | K10: Y | L10: Y | N10: Y | O10: Y | P10: All | Q10: Production | T10: 87.4 | U10: 18.8 | V10: 16 | W10: 16.1 | X10: 13.5 | Y10: 15.7 | Z10: 15.85 | AA10: 10.8 | AB10: 0.01728 | AC10: 68.4 | AD10: 70.6 | AE10: https://www.feedipedia.org/node/224
A11: F10 | B11: Barley, straw | C11: BSTRAW | D11: Crop residues | E11: available | F11: 1913 | G11: 115 | H11: 635 | I11: 44 | J11: Fibrous residual plant material such as straw, brans, leaves, etc. from barley (Hordeum vulgare), rye (Secale cereale) or oat (Avena sativa) cultivation. | K11: Y | L11: Y | N11: Y | O11: Y | P11: All | Q11: Production | R11: 0.98 | S11: 0.59 | T11: 90.9 | U11: 18.2 | V11: 8 | W11: 0.025 | X11: 6.5 | Y11: 2.2 | AA11: 3.8 | AB11: 0.00608 | AC11: 22.8 | AE11: https://www.feedipedia.org/node/11830
A12: F11 | B12: Barley | C12: BARLEY | D12: Cereals | E12: available | F12: 115 | G12: 115 | H12: 44 | I12: 44 | J12: Grains from barley (Hordeum vulgare). | K12: Y | L12: Y | M12: Y | N12: Y | O12: Y | P12: All | Q12: Production | T12: 87.1 | U12: 18.4 | V12: 14.8 | W12: 14.8 | X12: 12.4 | Y12: 14.3 | Z12: 12.25 | AA12: 11.8 | AB12: 0.01888 | AC12: 66.6 | AD12: 76.2 | AE12: https://www.feedipedia.org/node/227
A13: F12 | B13: Rye, straw | D13: Crop residues | E13: available | F13: 1913 | G13: 116 | H13: 635 | I13: 71 | J13: Fibrous residual plant material such as straw, brans, leaves, etc. from ryey (Secale cereale) cultivation. | K13: Y | L13: Y | N13: Y | O13: Y | P13: All | Q13: Production | R13: 1.09 | S13: 0.88 | T13: 92 | U13: 18.3 | V13: 8.2 | W13: 2.2 | X13: 6.6 | Y13: 1.9 | AA13: 4.1 | AB13: 0.00656 | AC13: 2 | AE13: https://www.feedipedia.org/node/14205
A14: F13 | B14: Rye | C14: GRAINS | D14: Cereals | E14: available | F14: 116 | G14: 116 | H14: 71 | I14: 71 | J14: Grains from rye (Secale cereale) | K14: Y | L14: Y | N14: Y | O14: Y | P14: Ruminants | Q14: Production | T14: 86.6 | U14: 18 | V14: 15.5 | W14: 15.1 | X14: 13 | Y14: 14.6 | Z14: 13.25 | AA14: 10.3 | AB14: 0.01648 | AC14: 68.3 | AD14: 70.9 | AE14: https://www.feedipedia.org/node/12542 | AG14: not used commonly as feed low protein low fibre not palatable
A15: F14 | B15: Oats, straw | D15: Crop residues | E15: available | F15: 1913 | G15: 117 | H15: 635 | I15: 75 | J15: Fibrous residual plant material such as straw, brans, leaves, etc. from oat (Avena sativa) cultivation. | K15: Y | L15: Y | N15: Y | O15: Y | P15: Ruminants | Q15: Production | R15: 0.91 | S15: 0.89 | T15: 89.6 | U15: 18 | V15: 8.1 | W15: 2.7 | X15: 6.6 | Y15: 2.4 | AA15: 3.6 | AB15: 0.00576 | AC15: 31 | AE15: https://www.feedipedia.org/node/12389
A16: F15 | B16: Oats | C16: GRAINS | D16: Cereals | E16: available | F16: 117 | G16: 117 | H16: 75 | I16: 75 | J16: Grains from oat (Avena sativa). | K16: Y | L16: Y | N16: Y | O16: Y | P16: All | Q16: Production | T16: 87.9 | U16: 19.5 | V16: 14.7 | W16: 12.7 | X16: 12.2 | Y16: 12.2 | Z16: 11.5 | AA16: 11 | AB16: 0.0176 | AC16: 63.9 | AD16: 75.9 | AE16: https://www.feedipedia.org/node/12391
A17: F16 | B17: Millet, stover | C17: MSTOVER | D17: Crop residues | E17: available | F17: 1913 | G17: 118 | H17: 635 | I17: 79 | J17: Fibrous residual plant material such as straw, brans, leaves, etc. from millet (Pennisetum glaucum, Eleusine coracana, Panicum miliaceum, etc) cultivation. | K17: Y | L17: Y | M17: Y | P17: Ruminants | Q17: Production | R17: 1.43 | S17: 0.14 | T17: 93.6 | U17: 17.725 | V17: 8.925 | X17: 7.225 | AA17: 4.375 | AB17: 0.007 | AC17: 10.3 | AE17: see sheet Millet stover)
A18: F17 | B18: Millet | C18: MILLET | D18: Cereals | E18: available | F18: 118 | G18: 118 | H18: 79 | I18: 79 | J18: Grains from millet (P. glaucum, E. coracana, P. miliaceum, and others). | P18: Monogastrics | Q18: Production | T18: 89.8 | U18: 18.725 | V18: 15.148933 | W18: 14.45 | X18: 12.633333 | Y18: 14.033333 | Z18: 14.333333 | AA18: 11.875 | AB18: 0.019 | AC18: 76.5 | AE18: see sheet Millet)
A19: F18 | B19: Triticale, straw | D19: Crop residues | E19: available, item missing from SUAS | F19: 1913 | G19: 1191 | H19: 635 | I19: 97 | J19: Straws from Triticale | K19: Y | N19: Y | O19: Y | R19: 1.09 | S19: 0.88 | T19: 92.5 | U19: 18.7 | V19: 8.8 | W19: 3 | X19: 7.2 | Y19: 2.7 | AA19: 3.2 | AB19: =AA19/6.25/100 -> 0.00512 | AE19: https://www.feedipedia.org/node/60
A20: F19 | B20: Triticale | D20: Cereals | E20: available | F20: 1191 | G20: 1191 | H20: 97 | I20: 97 | J20: Grains from Triticale | K20: Y | N20: Y | O20: Y | T20: 87.1 | U20: 18.1 | V20: 15.5 | W20: 15.6 | X20: 12.9 | Y20: 15.1 | Z20: 13.85 | AA20: 11.7 | AB20: =AA20/6.25/100 -> 0.01872 | AC20: 69.5 | AD20: 83.9 | AE20: https://www.feedipedia.org/node/6476 | AF20: Feedipedia page under costruction
A21: F20 | B21: Buckwheat, straw | D21: Crop residues | E21: available | F21: 1913 | G21: 1192 | H21: 635 | I21: 89 | J21: Fibrous residual plant material such as straw, brans, leaves, etc. from Buckwheat ((Fagopyrum esculentum) cultivation. | K21: Y | L21: Y | N21: Y | O21: Y | P21: Ruminants | Q21: Production | R21: 1.09 | S21: 0.88 | T21: 87.2 | U21: 18.7 | V21: 6.2 | X21: 4.9 | AA21: 4.6 | AB21: 0.00736 | AC21: 5.9 | AE21: https://www.feedipedia.org/node/25610
A22: F21 | B22: Buckwheat | C22: GRAINS | D22: Cereals | E22: available | F22: 1192 | G22: 1192 | H22: 89 | I22: 89 | J22: Grains from buckwheat (Fagopyrum esculentum). | K22: Y | L22: Y | N22: Y | O22: Y | P22: Ruminants | Q22: Production | T22: 84.9 | U22: 18.7 | V22: 11.6875 | W22: 12.3 | X22: 9.6 | Y22: 11.9 | AA22: 13.2 | AB22: 0.02112 | AC22: 58.3 | AD22: 70.7 | AE22: https://www.feedipedia.org/node/25140
A23: F22 | B23: Fonio, straw | D23: Crop residues | E23: available, item missing from SUAS | F23: 1913 | G23: 1193 | I23: 94 | J23: Fibrous residueal material such as straw, brans, leaves, etc, from Fonio (Digitaria exilis) | L23: Y | P23: Ruminants | R23: 1.09 | S23: 0.88 | T23: 94.1 | U23: 18.2 | X23: 7.2 | AA23: 5.6 | AB23: =AA23/6.25/100 -> 0.00896 | AC23: 60 | AE23: https://www.feedipedia.org/node/460
A24: F23 | B24: Fonio | D24: Cereals | E24: available | F24: 1193 | G24: 1193 | H24: 94 | I24: 94 | J24: Grains from Fonio (Digitaria exilis) | K24: Y | L24: Y | M24: Y | N24: Y | O24: Y | P24: All | T24: 89.1 | U24: 18.2 | W24: 13.5 | X24: 13.6 | Y24: 13.2 | Z24: =AVERAGE(13.1,13.3) -> 13.2 | AA24: 8.6 | AB24: =AA24/6.25/100 -> 0.01376 | AC24: 70.9 | AD24: 75.6 | AE24: https://www.feedipedia.org/node/228
A25: F24 | B25: Quinoa | D25: Cereals | E25: available | F25: 1194 | G25: 1194 | H25: 92 | I25: 92 | J25: Grain from Quinoa( Chenopodium quinoa) | L25: Y | M25: Y | N25: Y | O25: Y | P25: All | T25: 88.2 | U25: 19.1 | W25: 16.2 | X25: 13.7 | Y25: 15.7 | Z25: =AVERAGE(15.4,15.1) -> 15.25 | AA25: 13.6 | AB25: =AA25/6.25/100 -> 0.02176 | AC25: 71.5 | AD25: 82.5 | AE25: https://www.feedipedia.org/node/229
A26: F25 | B26: Quinoa, forage | D26: Fodder crop | E26: available, item missing from SUAS | G26: 1194 | I26: 92 | J26: Quinoa aerial part fresh | K26: Y | L26: Y | M26: Y | N26: Y | T26: 13.8 | U26: 15.4 | V26: 12.1 | X26: 9.5 | AA26: 18.8 | AB26: =AA26/6.25/100 -> 0.03008 | AE26: https://www.feedipedia.org/node/26044
A27: F26 | B27: Canary seed | D27: Other | E27: missing | F27: 1195 | AG27: Used as bird feed.
A28: F27 | B28: Mixed grain | C28: GRAINS | D28: Cereals | E28: available | F28: 1199.02 | H28: 103 | J28: Mixed grains is a mixture of cereal species that are sown and harvested together. It does not include meslin (a mixture wheat/rye) | P28: All | T28: =AVERAGE(T4,T6,T8,T10,T12,T14,T16,T18,T20,T22,T24,T25) -> 87.63 | U28: =AVERAGE(U4,U6,U8,U10,U12,U14,U16,U18,U20,U22,U24,U25) -> 18.536806 | V28: =AVERAGE(V4,V6,V8,V10,V12,V14,V16,V18,V20,V22,V24,V25) -> 15.093643 | W28: =AVERAGE(W4,W6,W8,W10,W12,W14,W16,W18,W20,W22,W24,W25) -> 15.013889 | X28: =AVERAGE(X4,X6,X8,X10,X12,X14,X16,X18,X20,X22,X24,X25) -> 12.801389 | Y28: =AVERAGE(Y4,Y6,Y8,Y10,Y12,Y14,Y16,Y18,Y20,Y22,Y24,Y25) -> 14.572222 | Z28: =AVERAGE(Z4,Z6,Z8,Z10,Z12,Z14,Z16,Z18,Z20,Z22,Z24,Z25) -> 14.042803 | AA28: =AVERAGE(AA4,AA6,AA8,AA10,AA12,AA14,AA16,AA18,AA20,AA22,AA24,AA25) -> 11.247917 | ... AD28: =AVERAGE(AD4,AD6,AD8,AD10,AD12,AD14,AD16,AD18,AD20,AD22,AD24,AD25) -> 78.381818 | AE28: average from Cereals
A29: F28 | B29: Other cereals n.e. | D29: Cereals | E29: available | F29: 1199.9 | H29: 108 | J29: This subclass includes among all: Chenopodium pallidicaule (canagua or coaihua), Amaranthus caudatus (quihuicha or Inca wheat), Coix lacryma-jobi (adlay or Job's tears), Zizania aquatica (wild rice) and other cereal crops and hybrid grains that are not identified separately because of their minor relevance at the international level. | P29: All | T29: =T28 -> 87.63 | U29: =U28 -> 18.536806 | V29: =V28 -> 15.093643 | W29: =W28 -> 15.013889 | X29: =X28 -> 12.801389 | Y29: =Y28 -> 14.572222 | Z29: =Z28 -> 14.042803 | AA29: =AA28 -> 11.247917 | ... AD29: =AD28 -> 78.381818 | AE29: average from Cereals
A30: F29 | B30: Cabbages | D30: Fruits and vegetables | E30: available | F30: 1212 | G30: 1212 | H30: 358 | I30: 358 | J30: Rape forage, fresh (Brassica sp) | Q30: Trade | T30: 12.1 | U30: 17.4 | V30: 13.2 | X30: 10.6 | AA30: 19.3 | AB30: =AA30/6.25/100 -> 0.03088 | AC30: 88.5 | AE30: https://www.feedipedia.org/node/15685
A31: F30 | B31: Cauliflowers and broccoli | D31: Fruits and vegetables | E31: missing | F31: 1213
A32: F31 | B32: Lettuce and chicory | D32: Fruits and vegetables | E32: missing | F32: 1214
A33: F32 | B33: Watermelons | D33: Fruits and vegetables | E33: available | F33: 1221 | G33: 1221 | H33: 567 | I33: 567 | J33: Fruit fresh (Citrullus lanatus) | K33: Y | N33: Y | Q33: Trade | T33: 7.9 | U33: 19.5 | W33: 9.4 | AA33: 10 | AB33: =AA33/6.25/100 -> 0.016 | AE33: https://www.feedipedia.org/node/166 | AF33: Feedipedia page under costruction
A34: F33 | B34: Cantaloupes and other melons | D34: Fruits and vegetables | E34: available | F34: 1229 | G34: 1229 | H34: 568 | I34: 568 | J34: Fruit fresh (Cucumis melo) | K34: Y | N34: Y | Q34: Trade | T34: 8.2 | U34: 17.5 | W34: 9 | X34: 8.3 | AA34: 17.7 | AB34: =AA34/6.25/100 -> 0.02832 | AE34: https://www.feedipedia.org/node/12325 | AF34: Feedipedia page under costruction
A35: F34 | B35: Cucumbers and gherkins | D35: Fruits and vegetables | E35: missing | F35: 1232
A36: F35 | B36: Eggplants (aubergines) | D36: Fruits and vegetables | E36: missing | F36: 1233
A37: F36 | B37: Tomatoes | D37: Fruits and vegetables | E37: available | F37: 1234 | G37: 1234 | H37: 388 | I37: 388 | J37: Fruit fresh | K37: Y | L37: Y | M37: Y | N37: Y | O37: Y | P37: All | Q37: Trade | T37: 7.3 | AE37: https://www.feedipedia.org/node/7791
A38: F37 | B38: Tomato pomace | D38: Other | E38: available, item missing from SUAS | G38: 1234 | I38: 388 | J38: Tomato pomace, tomato skins and tomato seeds | K38: Y | L38: Y | M38: Y | N38: Y | O38: Y | P38: All | T38: 93.5 | U38: 21.8 | V38: 12 | W38: 7.6 | X38: 9.3 | Y38: 6.8 | AA38: 21 | AB38: =AA38/6.25/100 -> 0.0336 | AC38: 65.4 | AE38: https://www.feedipedia.org/node/12705
A39: F38 | B39: Pumpkins, squash and gourds | D39: Fruits and vegetables | E39: available | F39: 1235 | G39: 1235 | H39: 394 | I39: 394 | J39: Pumpkins fresh, seeds, oil, hulls | K39: Y | N39: Y | Q39: Trade | T39: 70.6 | U39: 22.8 | X39: 11.9 | AA39: 31 | AB39: =AA39/6.25/100 -> 0.0496 | AC39: 70.3 | AE39: see sheet Pumpkin
A40: F39 | B40: Okra | D40: Fruits and vegetables | E40: available | F40: 1239.01 | G40: 1239.01 | H40: 430 | I40: 430 | J40: Okra (Abelmoschus esculentus) fruits, seeds, oil, fresh | Q40: Trade | T40: 52.7 | U40: 19.4 | W40: 10.7 | AA40: 19.6 | AB40: =AA40/6.25/100 -> 0.03136 | AE40: see sheet Okra
A41: F40 | B41: Other beans, green | D41: Pulses | E41: missing | F41: 1241.9
A42: F41 | B42: Peas, green | C42: PULSES | D42: Pulses | E42: available | F42: 1242 | G42: 1242 | H42: 417 | I42: 417 | J42: Peas seeds | K42: Y | L42: Y | M42: Y | N42: Y | O42: Y | P42: All | Q42: Trade | T42: 86.5 | U42: 18.3 | V42: 16.5 | W42: 16.1 | X42: 13.4 | Y42: 15.4 | Z42: 12.5 | AA42: 23.9 | AB42: =AA42/6.25/100 -> 0.03824 | AC42: 78 | AD42: 84.9 | AE42: https://www.feedipedia.org/node/264
A43: F42 | B43: Broad beans and horse beans, green | D43: Pulses | E43: missing | F43: 1243
A44: F43 | B44: Carrots and turnips | D44: Roots and tubers | E44: available | F44: 1251 | G44: 1251 | H44: 426 | I44: 426 | J44: Carrot roots (Daucus carota) fresh | K44: Y | L44: Y | M44: Y | N44: Y | Q44: Trade | T44: 10.7 | U44: 17.1 | V44: 14.2 | W44: 14.1 | X44: 11.9 | AA44: 9.1 | AB44: =AA44/6.25/100 -> 0.01456 | AC44: 77 | AD44: 61.1 | AE44: https://www.feedipedia.org/node/11940
A45: F44 | B45: Carrots roots dehydrated | D45: Roots and tubers | E45: available, item missing from SUAS | G45: 1251 | I45: 426 | J45: Carrot roots, dehydrated | K45: Y | L45: Y | M45: Y | N45: Y | T45: 90 | U45: 17.7 | V45: 14.8 | W45: 13.3 | X45: 12.3 | Y45: 12.8 | AA45: 11.1 | AB45: =AA45/6.25/100 -> 0.01776 | AE45: https://www.feedipedia.org/node/14338
A46: F45 | B46: Carrots top fresh | D46: Crop residues | E46: available, item missing from SUAS | G46: 1251 | I46: 426 | J46: Carrot tops, fresh | R46: 1.07 | S46: 1.54 | T46: 16.4 | U46: 16.1 | X46: 10.2 | AA46: 11.7 | AB46: =AA46/6.25/100 -> 0.01872 | AC46: 62 | AE46: https://www.feedipedia.org/node/11939
A47: F46 | B47: Green garlic | D47: Roots and tubers | E47: missing | F47: 1252
A48: F47 | B48: Onions and shallots, green | D48: Roots and tubers | E48: missing | F48: 1253.01
A49: F48 | B49: Onions and shallots, dry (excluding dehydrated) | D49: Roots and tubers | E49: missing | F49: 1253.02
A50: F49 | B50: Leeks and other alliaceous vegetables | D50: Roots and tubers | E50: missing | F50: 1254
A51: F50 | B51: Green corn (maize) | C51: MAIZE | D51: Cereals | E51: available | F51: 1290.01 | G51: 1290.01 | H51: 446 | I51: 446 | J51: Green corn (maize), species of Zea mays, particularly var. Saccharata, includes maize harvested green for food. Saccharata variety is commonly known as sweet corn, whether or not in the cob. | K51: =K6 -> Y | N51: =N6 -> Y | O51: =O6 -> Y | P51: =P6 -> All | Q51: Production | T51: =T6 -> 87.26 | U51: =U6 -> 18.716667 | V51: =V6 -> 16.1 | W51: =W6 -> 16.416667 | X51: =X6 -> 13.583333 | Y51: =Y6 -> 16.033333 | Z51: =Z6 -> 15.1375 | AA51: =AA6 -> 9.1 | ... AD51: =AD6 -> 80.4 | AE51: same as Maize (corn) | AG51: Previously associated to fresh aerial parts from Maize, used as fodder; in FAOSTAT, this is actually a variety of maize used for sweet corn production.
A52: F51 | B52: Other vegetables, fresh n.e. | D52: Fruits and vegetables | E52: available | F52: 1290.9 | G52: NA | H52: 463 | J52: Includes the fresh vegetables not elsewhere classified. They may not be identified separately because of their minor relevance at the international level. Because of their limited local importance, some countries report vegetables under this heading that are classified individually by FAO | T52: =IFERROR(AVERAGE(T30,T31,T32,T33,T34,T35,T36,T37,T39,T40),0) -> 26.466667 | U52: =IFERROR(AVERAGE(U30,U31,U32,U33,U34,U35,U36,U37,U39,U40),0) -> 19.32 | V52: =IFERROR(AVERAGE(V30,V31,V32,V33,V34,V35,V36,V37,V39,V40),0) -> 13.2 | W52: =IFERROR(AVERAGE(W30,W31,W32,W33,W34,W35,W36,W37,W39,W40),0) -> 9.7 | X52: =IFERROR(AVERAGE(X30,X31,X32,X33,X34,X35,X36,X37,X39,X40),0) -> 10.266667 | Y52: =IFERROR(AVERAGE(Y30,Y31,Y32,Y33,Y34,Y35,Y36,Y37,Y39,Y40),0) -> 0 | Z52: =IFERROR(AVERAGE(Z30,Z31,Z32,Z33,Z34,Z35,Z36,Z37,Z39,Z40),0) -> 0 | AA52: =IFERROR(AVERAGE(AA30,AA31,AA32,AA33,AA34,AA35,AA36,AA37,AA39,AA40),0) -> 19.52 | ... AD52: =IFERROR(AVERAGE(AD30,AD31,AD32,AD33,AD34,AD35,AD36,AD37,AD39,AD40),0) -> 0 | AE52: average of other vegetables
A53: F52 | B53: Avocados | D53: Fruits and vegetables | E53: missing | F53: 1311
A54: F53 | B54: Banana stems | C54: BNSTEM | D54: Crop residues | E54: available | G54: 1312 | I54: 486 | J54: Residual plant material such as stems from banana (Musa spp.) cultivation. | P54: Monogastrics | Q54: Production | R54: 1 | S54: 0 | T54: 11.6 | U54: 17.4 | V54: 12.4 | W54: 5 | X54: 9.9 | AA54: 9.8 | AB54: =AA54/6.25/100 -> 0.01568 | AC54: 54.7 | AE54: see sheet Banana stems)
A55: F54 | B55: Banana fruit | C55: BNFRUIT | D55: Fruits and vegetables | E55: available | F55: 1312 | G55: 1312 | H55: 486 | I55: 486 | J55: Fruit from banana trees (Musa spp.) | K55: Y | L55: Y | M55: Y | N55: Y | O55: Y | P55: All | Q55: Production | T55: 21.9 | U55: 17.1 | V55: 13.3 | W55: 14.2 | X55: 11.3 | Y55: 13.8 | Z55: 13.7 | AA55: 5.2 | AB55: 0.00832 | AD55: 53.6 | AE55: https://www.feedipedia.org/node/11811
A56: F55 | B56: Plantains and others | D56: Fruits and vegetables | E56: available | F56: 1313 | G56: 1313 | H56: 489 | I56: 489 | Q56: Production | T56: 6.9 | U56: 16.9 | W56: 5.75 | AA56: 6.1 | AB56: =AA56/6.25/100 -> 0.00976
A57: F56 | B57: Dates | D57: Fruits and vegetables | E57: available | F57: 1314 | G57: 1314 | H57: 577 | I57: 577 | J57: Date palm (Phoenix dactylifera), fruits | K57: Y | L57: Y | M57: Y | N57: Y | O57: Y | P57: All | Q57: Production | T57: 84 | U57: 17.6 | V57: 14 | W57: 14.2 | X57: 11.9 | AA57: 3.7 | AB57: =AA57/6.25/100 -> 0.00592 | AC57: 30.1 | AE57: https://www.feedipedia.org/node/12049
A58: F57 | B58: Figs | D58: Fruits and vegetables | E58: available | F58: 1315 | G58: 1315 | H58: 569 | I58: 569 | J58: Fig (Ficus carica), leaves, fresh | K58: Y | Q58: Production | T58: 32 | U58: 17 | X58: 9.7 | AA58: 13.9 | AB58: =AA58/6.25/100 -> 0.02224 | AC58: 68.4 | AE58: https://www.feedipedia.org/node/12086 | AF58: Feedipedia page under costruction
A59: F58 | B59: Mangoes, guavas, mangosteens | D59: Fruits and vegetables | E59: available | F59: 1316 | G59: 1316 | H59: 571 | I59: 571 | J59: Mango fruits, kernel, peels, juice | K59: Y | L59: Y | M59: Y | N59: Y | O59: Y | P59: All | Q59: Production | T59: 59.17 | U59: 18.3 | V59: 16.4 | W59: 14 | X59: 11.9 | Z59: 10.8 | AA59: 5.7 | AB59: =AA59/6.25/100 -> 0.00912 | AC59: 72.1 | AE59: see sheet Mango
A60: F59 | B60: Papayas | D60: Fruits and vegetables | E60: available | F60: 1317 | G60: 1317 | H60: 600 | I60: 600 | J60: Papaya leaves, fruits fresh and dried | L60: Y | M60: Y | N60: Y | Q60: Production | T60: 44.6 | U60: 17.5 | W60: 11.4 | AA60: 17.5 | AB60: =AA60/6.25/100 -> 0.028 | AE60: see sheet Papaya
A61: F60 | B61: Pomelos and grapefruits | D61: Fruits and vegetables | E61: available | F61: 1321 | G61: 1321 | H61: 507 | I61: 507 | J61: Grapefruit (Citrus paradisi), fruits, fresh | K61: Y | M61: Y | N61: Y | Q61: Production | T61: 12.7 | U61: 17.9 | W61: 13.7 | AA61: 7 | AB61: =AA61/6.25/100 -> 0.0112 | AE61: https://www.feedipedia.org/node/12141
A62: F61 | B62: Lemons and limes | D62: Fruits and vegetables | E62: available | F62: 1322 | G62: 1322 | H62: 497 | I62: 497 | J62: Lemon and lime fruits | K62: Y | M62: Y | N62: Y | Q62: Production | T62: 62 | U62: 18.5 | V62: 12.3 | W62: 7.8 | X62: 10.2 | AA62: 9.7 | AB62: =AA62/6.25/100 -> 0.01552 | AD62: 41.4 | AE62: see sheet Lemon and Lime
A63: F62 | B63: Citrus pulp, fresh | D63: Fruits and vegetables | E63: available, item missing from SUAS | G63: 1322 | I63: 497 | J63: Citrus pulp, fresh | K63: Y | L63: Y | M63: Y | N63: Y | O63: Y | P63: All | T63: 17.5 | U63: 18.3 | W63: 14.1 | Y63: 13.6 | Z63: 6.7 | AA63: 6.5 | AB63: =AA63/6.25/100 -> 0.0104 | AC63: 64.5 | AD63: 64.7 | AE63: https://www.feedipedia.org/node/12840
A64: F63 | B64: Oranges | D64: Fruits and vegetables | E64: available | F64: 1323 | G64: 1323 | H64: 490 | I64: 490 | J64: Orange peels fresh and silage | K64: Y | L64: Y | N64: Y | Q64: Production | T64: 17.85 | U64: 18.2 | V64: 16.2 | W64: 13.9 | X64: 13.6 | AA64: 7.3 | AB64: =AA64/6.25/100 -> 0.01168 | AC64: 72.3 | AD64: 67.7 | AE64: see sheet Orange
A65: F64 | B65: Grapes | D65: Fruits and vegetables | E65: available | F65: 1330 | G65: 1330 | H65: 560 | I65: 560 | J65: Grapes leaves and branches , fresh | K65: Y | L65: Y | Q65: Production | T65: 45.45 | U65: 18.3 | V65: 7 | X65: 5.7 | AA65: 7.5 | AB65: =AA65/6.25/100 -> 0.012 | AC65: 7.9 | AE65: see sheet Grape
A66: F65 | B66: Apples | D66: Fruits and vegetables | E66: available | F66: 1341 | G66: 1341 | H66: 515 | I66: 515 | J66: Apples fresh | K66: Y | L66: Y | M66: Y | N66: Y | O66: Y | P66: All | Q66: Production | T66: 20.8 | U66: 19 | V66: 12.8 | W66: 10 | X66: 10.7 | AA66: 6.8 | AB66: =AA66/6.25/100 -> 0.01088 | AC66: 51.8 | AD66: 58 | AE66: https://www.feedipedia.org/node/22381 | AG66: less used for chicken
A67: F66 | B67: Apple pomace, dehydrated | D67: By-products | E67: available, item missing from SUAS | G67: 1341 | I67: 515 | J67: Apple pomace, dehydrated | K67: Y | L67: Y | M67: Y | N67: Y | O67: Y | P67: All | T67: 91.2 | U67: 19.4 | V67: 10.4 | W67: 5.3 | X67: 8.5 | Y67: 4.7 | AA67: 8 | AB67: =AA67/6.25/100 -> 0.0128 | AC67: 50 | AD67: 40.1 | AE67: https://www.feedipedia.org/node/22380 | AG67: less used for chicken
A68: F67 | B68: Pears | D68: Fruits and vegetables | E68: missing | F68: 1342.01
A69: F68 | B69: Quinces | D69: Fruits and vegetables | E69: missing | F69: 1342.02
A70: F69 | B70: Apricots | D70: Fruits and vegetables | E70: missing | F70: 1343
A71: F70 | B71: Sour cherries | D71: Fruits and vegetables | E71: missing | F71: 1344.01
A72: F71 | B72: Cherries | D72: Fruits and vegetables | E72: missing | F72: 1344.02
A73: F72 | B73: Peaches and nectarines | D73: Fruits and vegetables | E73: missing | F73: 1345
A74: F73 | B74: Plums and sloes | D74: Fruits and vegetables | E74: missing | F74: 1346
A75: F74 | B75: Other stone fruits | D75: Fruits and vegetables | E75: missing | F75: 1349.2
A76: F75 | B76: Locust beans (carobs) | D76: Pulses | E76: available | F76: 1356 | G76: 1356 | H76: 461 | I76: 461 | J76: Carobs( Ceratonia siliqua) pod meal, seeds, dehydrated | L76: Y | M76: Y | N76: Y | Q76: Production | T76: 86.7 | U76: 18.7 | V76: 13.6 | W76: 12.5 | X76: 10.9 | Y76: 10.8 | AA76: 20 | AB76: =AA76/6.25/100 -> 0.032 | AC76: 46.6 | AD76: 70.6 | AE76: see sheet Carrob
A77: F76 | B77: Soya beans | C77: SOY | D77: Oil crops | E77: available | F77: 141 | G77: 141 | H77: 236 | I77: 236 | J77: Beans from soy (Glicyne max). | P77: Monogastrics | Q77: Production | T77: 88.7 | U77: 23.6 | V77: 19.8 | W77: 19.3 | X77: 15.3 | Y77: 14 | Z77: 16.55 | AA77: 39.6 | AB77: 0.06336 | AC77: 92.5 | AD77: 86.5 | AE77: https://www.feedipedia.org/node/12625
A78: F77 | B78: Groundnuts, excluding shelled | D78: Oil crops | E78: available | F78: 142 | G78: 142 | H78: 242 | I78: 242 | J78: Peanuts, with shells | K78: Y | L78: Y | N78: Y | Q78: Production | T78: 92.9 | U78: 25.9 | V78: 22.9 | W78: 12.5 | X78: 18.2 | AA78: 20.4 | AC78: 74 | AE78: https://www.feedipedia.org/node/12164
A79: F78 | B79: Cottonseed | D79: Oil crops | E79: available | F79: 143 | G79: 01921.01 | H79: 329 | I79: 328 | J79: Cotton seeds, whole | K79: Y | L79: Y | M79: Y | N79: Y | O79: Y | P79: All | Q79: Production | T79: 92.3 | U79: 23.8 | V79: 15.2 | W79: 15.2 | X79: 12 | Y79: 13.4 | Z79: =AVERAGE(11,10.1) -> 10.55 | AA79: 21.8 | AB79: =AA79/6.25/100 -> 0.03488 | AC79: 70.2 | AD79: 66 | AE79: https://www.feedipedia.org/node/12024 | AF79: https://www.feedtables.com/content/table-feed-profile?feed_pr_id=12356 | AG79: less used for chicken
A80: F79 | B80: Linseed | D80: Oil crops | E80: available | F80: 1441 | G80: 1441 | H80: 333 | I80: 333 | J80: Linseeds, Includes raw and processed linseeds | K80: Y | N80: Y | O80: Y | P80: All | Q80: Production | T80: 91.5 | U80: 27.1 | V80: 22.6 | W80: 20.9 | X80: 18.2 | Y80: 20.2 | Z80: 16.1 | AA80: 23.7 | AB80: =AA80/6.25/100 -> 0.03792 | AC80: 73.9 | AD80: 83 | AE80: https://www.feedipedia.org/node/12102
A81: F80 | B81: Mustard seed | D81: Oil crops | E81: available | F81: 1442 | G81: 1442 | H81: 292 | I81: 292 | J81: Mustard whole seed | Q81: Production | T81: 91.7 | U81: 28.4 | W81: 21.7 | AA81: 23.4 | AB81: =AA81/6.25/100 -> 0.03744 | AE81: https://www.feedipedia.org/node/12361 | AG81: feedipedia under costruction
A82: F81 | B82: Rapeseed or colza seed | C82: RAPESEED | D82: Oil crops | E82: available | F82: 1443 | G82: 1443 | H82: 270 | I82: 270 | J82: Rapeseeds, low erucic, low glucosinolates | K82: Y | L82: Y | M82: Y | N82: Y | O82: Y | P82: All | Q82: Production | T82: 92.3 | U82: 28.8 | V82: 25 | W82: 23.5 | X82: 20.3 | Y82: 22.8 | Z82: 16.8 | AA82: 20.9 | AB82: =AA82/6.25/100 -> 0.03344 | AC82: 74.6 | AD82: 73.3 | AE82: https://www.feedipedia.org/node/12504
A83: F82 | B83: Sesame seed | D83: Oil crops | E83: available | F83: 1444 | G83: 1444 | H83: 289 | I83: 289 | J83: Sesam seed whole | Q83: Production | T83: 96.6 | U83: 29.1 | AA83: 23.4 | AB83: =AA83/6.25/100 -> 0.03744 | AE83: https://www.feedipedia.org/node/12579
A84: F83 | B84: Sunflower seed | D84: Oil crops | E84: available | F84: 1445 | G84: 1445 | H84: 267 | I84: 267 | J84: Sunflower seeds, whole | K84: Y | L84: Y | M84: Y | N84: Y | O84: Y | P84: All | Q84: Production | T84: 92.8 | U84: 28.7 | W84: 20.2 | X84: 17.8 | Y84: 19.7 | Z84: =AVERAGE(18.5,19.7) -> 19.1 | AA84: 16 | AB84: =AA84/6.25/100 -> 0.0256 | AC84: 67.4 | AD84: 78.8 | AE84: https://www.feedipedia.org/node/40 | AF84: https://www.feedtables.com/content/table-feed-profile?feed_pr_id=12345
A85: F84 | B85: Safflower seed | D85: Oil crops | E85: available | F85: 1446 | G85: 1446 | H85: 280 | I85: 280 | J85: Safflower (Carthamus tinctorius), seeds | K85: Y | L85: Y | N85: Y | O85: Y | P85: All | Q85: Production | T85: 94.7 | U85: 26.1 | W85: 10.8 | AA85: 15.6 | AE85: https://www.feedipedia.org/node/12554
A86: F85 | B86: Castor oil seeds | D86: Oil crops | E86: available | F86: 1447 | G86: 1447 | H86: 265 | I86: 265 | K86: Y | L86: Y | M86: Y | N86: Y | O86: Y | P86: All | Q86: Production | T86: 89.7 | U86: 20.3 | V86: 13.3 | W86: 11.95 | X86: 10.1 | Y86: 11.15 | Z86: 9.27 | AA86: 34.5 | AB86: =AA86/6.25/100 -> 0.0552 | AC86: 76.1 | AD86: 53.35 | AE86: see sheet Castor oil | AG86: used almost in India and Brazil
A87: F86 | B87: Poppy seed | D87: Oil crops | E87: available | F87: 1448 | G87: 1448 | H87: 296 | I87: 296 | J87: Poppy (Papaver somniferum), seeds | K87: Y | L87: Y | M87: Y | N87: Y | O87: Y | P87: All | Q87: Production | T87: 93.9 | U87: 26.8 | W87: 19.4 | Y87: 18.6 | AA87: 24 | AB87: =AA87/6.25/100 -> 0.0384 | AE87: https://www.feedipedia.org/node/12465 | AG87: not recent literature on the use as feed
A88: F87 | B88: Melonseed | D88: Oil crops | E88: available | F88: 1449.01 | G88: 1449.01 | H88: 299 | I88: 299 | J88: Melon seed | K88: Y | N88: Y | T88: 95 | AA88: 16.4 | AE88: https://www.feedipedia.org/node/12811 | AF88: Feedipedia page under costruction
A89: F88 | B89: Hempseed | D89: Oil crops | E89: available | F89: 1449.02 | G89: 1449.02 | H89: 336 | I89: 336 | K89: Y | L89: Y | O89: Y | Q89: Production | T89: 90.6 | U89: 26.2 | V89: 21.6 | W89: 16.8 | X89: 17.2 | AA89: 23.9 | AC89: 75.3 | AE89: https://www.feedipedia.org/node/11696
A90: F89 | B90: Other oil seeds, n.e. | D90: Oil crops | E90: available | F90: 1449.9 | G90: NA | H90: 339 | I90: NA | J90: other oilseeds, oleaginous fruits and nuts that are not identified separately because of their minor relevance at the international level. | T90: =AVERAGE(T77:T89,T91:T95,T158,T192) -> 90.035625 | U90: =AVERAGE(U77:U89,U91:U95,U158,U192) -> 26.376667 | V90: =AVERAGE(V77:V89,V91:V95,V158,V192) -> 20.303333 | W90: =AVERAGE(W77:W89,W91:W95,W158,W192) -> 18.121429 | X90: =AVERAGE(X77:X89,X91:X95,X158,X192) -> 16.36 | Y90: =AVERAGE(Y77:Y89,Y91:Y95,Y158,Y192) -> 17.91875 | Z90: =AVERAGE(Z77:Z89,Z91:Z95,Z158,Z192) -> 14.728333 | AA90: =AVERAGE(AA77:AA89,AA91:AA95,AA158,AA192) -> 22.759375 | ... AD90: =AVERAGE(AD77:AD89,AD91:AD95,AD158,AD192) -> 74.964286 | AE90: average of other Oil crops
A91: F90 | B91: Olives | D91: Oil crops | E91: missing | F91: 1450
A92: F91 | B92: Coconuts, in shell | D92: Oil crops | E92: missing | F92: 1460
A93: F92 | B93: Oil palm fruit | D93: Oil crops | E93: missing | F93: 1491.01
A94: F93 | B94: Palm kernels | D94: Oil crops | E94: available | F94: 1491.02 | G94: 1491.01 | H94: 256 | I94: 254 | J94: Babassu (Attalea speciosa), oil meal, partially and decorticated, expeller extraction and solvent | Q94: Production | T94: 91.67 | U94: 19.45 | V94: 13.53 | W94: 10.15 | X94: 11.5 | AA94: 22.45 | AB94: =AA94/6.25/100 -> 0.03592 | AC94: 85 | AE94: see sheet Palm kernels
A95: F94 | B95: Copra | D95: Oil crops | E95: available | F95: 1492 | G95: 1460 | H95: 251 | I95: 249 | J95: Coconut, copra, fresh | Q95: Trade | T95: 50.7 | U95: 32.1 | W95: 27 | AA95: 8.6 | AB95: =AA95/6.25/100 -> 0.01376 | AD95: 83.8 | AE95: https://www.feedipedia.org/node/11996
A96: F95 | B96: Potatoes | D96: Roots and tubers | E96: available | F96: 1510 | G96: 1510 | H96: 116 | I96: 116 | J96: Potato, tuber, raw | K96: Y | N96: Y | O96: Y | P96: All | Q96: Production | T96: 20.6 | U96: 16.8 | V96: =U96*0.89 -> 14.952 | W96: 15.4 | X96: 11.9 | Y96: 15.1 | Z96: =AVERAGE(14.9,14.8) -> 14.85 | AA96: 10.8 | AB96: =AA96/6.25/100 -> 0.01728 | AC96: 75 | AD96: 60 | AE96: https://www.feedipedia.org/node/12472
A97: F96 | B97: Cassava, fresh | C97: CASSAVA | D97: Roots and tubers | E97: available | F97: 1520.01 | G97: 1520.01 | H97: 125 | I97: 125 | J97: Cassava tubers, fresh | P97: Monogastrics | Q97: Production | T97: 37.6 | U97: 17.1 | V97: 14.5 | W97: 15.7 | X97: 12.4 | Y97: 15.4 | Z97: 15.2 | AA97: 2.6 | AB97: =AA97/6.25/100 -> 0.00416 | AC97: 31.4 | AE97: https://www.feedipedia.org/node/11946
A98: F97 | B98: Cassava, dry | C98: CASSAVA | D98: Roots and tubers | E98: available | F98: 1520.02 | G98: 1520.01 | H98: 128 | I98: 125 | J98: Cassava tubers, dehydrated | T98: 87.6 | U98: 16.8 | V98: 14.2 | W98: 15.3 | X98: 12.2 | Y98: 15 | Z98: 15.1 | AA98: 2.9 | AB98: =AA98/6.25/100 -> 0.00464 | AC98: 35.3 | AD98: 52.3 | AE98: https://www.feedipedia.org/node/12798
A99: F98 | B99: Sweet potatoes | D99: Roots and tubers | E99: available | F99: 1530 | G99: 1530 | H99: 122 | I99: 122 | J99: Sweet potato tubers, fresh | K99: Y | L99: Y | N99: Y | O99: Y | P99: All | Q99: Production | T99: 30 | U99: 17.4 | V99: 14.1 | W99: 14.6 | X99: 12 | Y99: 14.3 | AA99: 5.5 | AB99: =AA99/6.25/100 -> 0.0088 | AC99: 37.5 | AD99: 44.7 | AE99: https://www.feedipedia.org/node/12681
A100: F99 | B100: Yams | D100: Roots and tubers | E100: available | F100: 1540 | G100: 1540 | H100: 137 | I100: 137 | J100: Yams (Dioscorea rotundata, D. esculenta, D.cayenensis, D.alata), tuber, fresh | N100: Y | P100: Monogastic | Q100: Production | T100: 22.8 | U100: 17.22 | W100: 14.8 | AA100: 7.42 | AE100: see sheet Yams
...

Sheet Change_LOG
A1: Date (MM/DD/YY) | B1: Change
A2: 45600 | B2: Added "Change_LOG".
A3: 45600 | B3: GLEAM3 name "RAPESEED" added to item F81 (Rapeseed or colza seed)
A4: 45600 | B4: GLEAM3 name "SOYOIL" was corrected to "SOY OIL".
A5: 45661 | B5: Data on milk nutritional values by species added to the database, including pig milk. To be used for the juvenile cohort.

Sheet Milk_composition
A1: Species | B1: DM | C1: GE_MJ/kgDM | D1: ME_ruminants | E1: ME_pigs | F1: DE_ruminants | G1: DE_pigs | H1: N_content (% per DM) | I1: Source
A2: Cattle | B2: =100-87.8 -> 12.2 | C2: =(64*0.004184)/B2*1000 -> 21.948852 | D2: =F2*96% -> 20.438771 | F2: =C2*97% -> 21.290387 | H2: =(3.2/B2%)/6.38 -> 4.1112082 | I2: Nayak, C., C. T. Ramachandra, and G. Kumar. "A Comprehensive Review on Composition of Donkey Milk in Comparison to Human, Cow, Buffalo, Sheep, Goat, Camel and Horse Milk." Mysore Journal of Agricultural Sciences 54, no. 3 (2020). | GE=value in kcal*conversion factor from kcal to MJ of 0.004184 | From GE to DE=0.97; From DE to ME=0.96 (Calculated from National Research Council, Committee on Animal Nutrition, & Subcommittee on Dairy Cattle Nutrition. (2001). Nutrient requirements of dairy cattle: 2001. National Academies Press.)
A3: Buffalo | B3: =100-82.4 -> 17.6 | C3: =(102.3*0.004184)/B3*1000 -> 24.3195 | D3: =F3*96% -> 22.646318 | F3: =C3*97% -> 23.589915 | H3: =(5/B3%)/6.38 -> 4.4528356 | I3: Nayak, C., C. T. Ramachandra, and G. Kumar. "A Comprehensive Review on Composition of Donkey Milk in Comparison to Human, Cow, Buffalo, Sheep, Goat, Camel and Horse Milk." Mysore Journal of Agricultural Sciences 54, no. 3 (2020). | GE=value in kcal*conversion factor from kcal to MJ of 0.004184 | From GE to DE=0.97; From DE to ME=0.96 (Calculated from National Research Council, Committee on Animal Nutrition, & Subcommittee on Dairy Cattle Nutrition. (2001). Nutrient requirements of dairy cattle: 2001. National Academies Press.)
A4: Sheep | B4: =100-81.6 -> 18.4 | C4: =(89.8*0.004184)/B4*1000 -> 20.419739 | D4: =F4*96% -> 19.014861 | F4: =C4*97% -> 19.807147 | H4: =(5.7/B4%)/6.38 -> 4.8555268 | I4: Nayak, C., C. T. Ramachandra, and G. Kumar. "A Comprehensive Review on Composition of Donkey Milk in Comparison to Human, Cow, Buffalo, Sheep, Goat, Camel and Horse Milk." Mysore Journal of Agricultural Sciences 54, no. 3 (2020). | GE=value in kcal*conversion factor from kcal to MJ of 0.004184 | From GE to DE=0.97; From DE to ME=0.96 (Calculated from National Research Council, Committee on Animal Nutrition, & Subcommittee on Dairy Cattle Nutrition. (2001). Nutrient requirements of dairy cattle: 2001. National Academies Press.)
A5: Goats | B5: =100-87.8 -> 12.2 | C5: =(64*0.004184)/B5*1000 -> 21.948852 | D5: =F5*96% -> 20.438771 | F5: =C5*97% -> 21.290387 | H5: =(3.2/B5%)/6.38 -> 4.1112082 | I5: Nayak, C., C. T. Ramachandra, and G. Kumar. "A Comprehensive Review on Composition of Donkey Milk in Comparison to Human, Cow, Buffalo, Sheep, Goat, Camel and Horse Milk." Mysore Journal of Agricultural Sciences 54, no. 3 (2020). | GE=value in kcal*conversion factor from kcal to MJ of 0.004184 | From GE to DE=0.97; From DE to ME=0.96 (Calculated from National Research Council, Committee on Animal Nutrition, & Subcommittee on Dairy Cattle Nutrition. (2001). Nutrient requirements of dairy cattle: 2001. National Academies Press.)
A6: Camels | B6: =100-88.44 -> 11.56 | C6: =(61.4*0.004184)/B6*1000 -> 22.222976 | D6: =F6*96% -> 20.694035 | F6: =C6*97% -> 21.556287 | H6: =(2.95/B6%)/6.38 -> 3.9998481 | I6: Nayak, C., C. T. Ramachandra, and G. Kumar. "A Comprehensive Review on Composition of Donkey Milk in Comparison to Human, Cow, Buffalo, Sheep, Goat, Camel and Horse Milk." Mysore Journal of Agricultural Sciences 54, no. 3 (2020). | GE=value in kcal*conversion factor from kcal to MJ of 0.004184 | From GE to DE=0.97; From DE to ME=0.96 (Calculated from National Research Council, Committee on Animal Nutrition, & Subcommittee on Dairy Cattle Nutrition. (2001). Nutrient requirements of dairy cattle: 2001. National Academies Press.)
A7: Pigs | B7: 17.9 | C7: =4.626/B7% -> 25.843575 | E7: =G7*96% -> 24.065537 | G7: =C7*97% -> 25.068268 | H7: =(5.34/B7%)/6.38 -> 4.6759251 | I7: Aguinaga, M. A., F. Gómez-Carballar, R. Nieto, and J. F. Aguilera. "Production and composition of Iberian sow's milk and use of milk nutrients by the suckling Iberian piglet." Animal 5, no. 9 (2011): 1390-1397. (assuming 97% from GE to DE, and 96% from DE to ME)
I8: 6.38 Nitrogen content. Source: National Academies of Sciences, Engineering, and Medicine; Division on Earth and Life Studies; Board on Agriculture and Natural Resources; Committee on Nutrient Requirements of Dairy Cattle. Nutrient Requirements of Dairy Cattle: Eighth Revised Edition. Washington (DC): National Academies Press (US); 2021 Aug 30. 3, Energy. Available from: https://www.ncbi.nlm.nih.gov/books/NBK600598/

Sheet Sunflower meal
A1: LEMON and LIME
D2: ruminants | G2: monogastrics
A3: Name | B3: Dry matter (%) | C3: GE (MJ/kg) | D3: DE (MJ/kg) | E3: ME (MJ/kg) | F3: Nitrogen digestibility (%) | G3: DE (MJ/kg) - pigs | H3: ME (MJ/kg) - pigs | I3: ME (MJ/kg) - poultry | J3: Nitrogen digestibility(%) | K3: CP (%DM) | L3: source
A4: Sunflower meal, solvent-extracted, dehulled or non-dehulled | B4: 89 | C4: 19.4 | D4: 11.8 | E4: 9.1 | F4: 84.5 | G4: 10.3 | H4: 9.4 | I4: 8.6 | J4: 78.4 | K4: 32.4 | L4: https://www.feedipedia.org/node/12663
A5: Sunflower meal, solvent-extracted, dehulled and partially dehulled | B5: 89.8 | C5: 19.3 | D5: 12.7 | E5: 9.6 | F5: 87.7 | G5: 11.6 | H5: 10.6 | I5: 8.8 | J5: 81.2 | K5: 37.7 | L5: https://www.feedipedia.org/node/12806
A6: Sunflower meal, solvent-extracted, non-dehulled | B6: 88.9 | C6: 19.4 | D6: 11.7 | E6: 8.9 | F6: 51.9 | G6: 10.1 | H6: 9.2 | I6: 6.2 | J6: 73.3 | K6: 31.3 | L6: https://www.feedipedia.org/node/12665
A7: Sunflower meal, mechanically-extracted | B7: 91.8 | C7: 21.8 | D7: 14 | E7: 10.9 | F7: 75 | G7: 12.1 | H7: 11.1 | I7: 10.8 | J7: 78 | K7: 27.9 | L7: https://www.feedipedia.org/node/12664
A8: mean | B8: =AVERAGE(B4,B5,B6,B7) -> 89.875 | C8: =AVERAGE(C4,C5,C6,C7) -> 19.975 | D8: =AVERAGE(D4,D5,D6,D7) -> 12.55 | E8: =AVERAGE(E5,E4,E6,E7) -> 9.625 | F8: =AVERAGE(F4,F5,F6,F7) -> 74.775 | G8: =AVERAGE(G4,G5,G6,G7) -> 11.025 | H8: =AVERAGE(H5,H4,H6,H7) -> 10.075 | I8: =AVERAGE(I4,I5,I6,I7) -> 8.6 | J8: =AVERAGE(J4,J5,J6,J7) -> 77.725 | K8: =AVERAGE(K4,K5,K6,K7) -> 32.325

Sheet Pumpkin
A1: PUMPKIN
D2: ruminants | G2: monogastrics
A3: Name | B3: Dry matter (%) | C3: GE (MJ/kg) | D3: DE (MJ/kg) | E3: ME (MJ/kg) | F3: Nitrogen digestibility | G3: DE (MJ/kg) | H3: ME (MJ/kg) - pigs | I3: ME (MJ/kg) - poultry | J3: CP (%DM)
A4: Pumpkin (Cucurbita sp.), fruits, fresh | B4: 7.6 | C4: 17.8 | E4: 13.6 | F4: 90 | G4: 12.4 | J4: 14.5 | K4: https://www.feedipedia.org/node/12480
A5: Pumpkin (Cucurbita sp.), fruit, dried | B5: 90.3 | C5: 18.8 | F5: 58.5 | J5: 9.4 | K5: https://www.feedipedia.org/node/14541
A6: Pumpkin (Cucurbita sp.), crop by-product, fresh | B6: 14 | J6: 19.8 | K6: https://www.feedipedia.org/node/14542
A7: Pumpkin (Cucurbita sp.), hulls | B7: 89.8 | C7: 22.1 | E7: 4.2 | F7: 38 | J7: 19 | K7: https://www.feedipedia.org/node/12481
A8: Pumpkin (Cucurbita sp.), oil meal, solvent extraction | B8: 92.2 | C8: 21 | E8: 10.5 | F8: 81 | G8: 7.7 | J8: 59.6 | K8: https://www.feedipedia.org/node/12483
A9: Pumpkin (Cucurbita sp.), oil meal, mechanical extraction | B9: 88 | C9: 22.6 | G9: 18.4 | J9: 63.2 | K9: https://www.feedipedia.org/node/12482
A10: Pumpkin (Cucurbita sp.), seeds with hulls | B10: 90 | C10: 27.8 | J10: 31.6 | K10: https://www.feedipedia.org/node/12485
A11: Pumpkin (Cucurbita sp.), seeds without hulls | B11: 92.6 | C11: 29.8 | E11: 19.3 | F11: 84 | J11: 35.7 | K11: https://www.feedipedia.org/node/12486
A13: mean | B13: =AVERAGE(B4,B5,B6,B7,B8,B9,B10,B11) -> 70.5625 | C13: =AVERAGE(C4,C5,C7,C8,C9,C10,C11) -> 22.842857 | E13: =AVERAGE(E4,E7,E8,E11) -> 11.9 | F13: =AVERAGE(F4,F5,F7,F8,F11) -> 70.3 | G13: =AVERAGE(G4,G8,G9) -> 12.833333 | J13: =AVERAGE(J4,J5,J6,J7,J8,J9,J10) -> 31.014286

Sheet Okra
A1: OKRA
D2: ruminants | G2: monogastrics
A3: Name | B3: Dry matter (%) | C3: GE (MJ/kg) | D3: DE (MJ/kg) | E3: ME (MJ/kg) | F3: Nitrogen digestibility | G3: DE (MJ/kg) | H3: ME (MJ/kg) - pigs | I3: ME (MJ/kg) - poultry | J3: CP (%DM)
A4: Okra (Abelmoschus esculentus), fruits, dry | B4: 87.5 | C4: 20.3 | G4: 6.5 | J4: 14.6 | K4: https://www.feedipedia.org/node/12400
A5: Okra (Abelmoschus esculentus), fruits, fresh | B5: 11.3 | C5: 16.8 | G5: 12.6 | J5: 15.8 | K5: https://www.feedipedia.org/node/12401
A6: Okra (Abelmoschus esculentus), leaves, fresh | B6: 18.5 | C6: 17.7 | J6: 23.8 | K6: https://www.feedipedia.org/node/12402
A7: Okra (Abelmoschus esculentus), oil cake | C7: 19.6 | G7: 11.6 | J7: 22.3 | K7: https://www.feedipedia.org/node/12403
A8: Okra (Abelmoschus esculentus), seeds | B8: 93.5 | C8: 22.7 | G8: 11.9 | J8: 21.3 | K8: https://www.feedipedia.org/node/12404
A13: mean | B13: =AVERAGE(B4,B5,B6,B7,B8,B9,B10,B11) -> 52.7 | C13: =AVERAGE(C4,C5,C6,C7,C8) -> 19.42 | E13: =AVERAGE(E4,E7,E8,E11) -> #DIV/0! | F13: =AVERAGE(F4,F5,F7,F8,F11) -> #DIV/0! | G13: =AVERAGE(G4,G5,G7,G8) -> 10.65 | J13: =AVERAGE(J4,J5,J6,J7,J8) -> 19.56

Sheet Fodder silage maize)
A1: MAIZE SILAGE
D2: ruminants | G2: monogastrics
A3: Name | C3: GE (MJ/kg) | D3: DE (MJ/kg) | E3: ME (MJ/kg) | G3: DE (MJ/kg) | H3: ME (MJ/kg) - pigs | I3: ME (MJ/kg) - poultry | J3: CP (%DM) | K3: source
A4: Maize silage, dry matter < 25% | B4: 23.5 | C4: 18.9 | D4: 12.8 | E4: 10.5 | F4: 54.9 | J4: 8 | K4: https://www.feedipedia.org/node/12869
A5: Maize silage, dry matter 25-30% | B5: 28.2 | C5: 19 | D5: 13.1 | E5: 10.8 | F5: 66.2 | J5: 7.2 | K5: https://www.feedipedia.org/node/12870
A6: Maize silage, dry matter 30-35% | B6: 32.5 | C6: 18.8 | D6: 13 | E6: 10.8 | F6: 54.6 | J6: 6.9 | K6: https://www.feedipedia.org/node/12871
A7: Maize silage, dry matter 35-40% | B7: 37 | C7: 19.1 | D7: 13.2 | E7: 11 | J7: 6.8 | K7: https://www.feedipedia.org/node/12872
A9: mean | B9: =AVERAGE(B4:B7) -> 30.3 | C9: =AVERAGE(C4:C7) -> 18.95 | D9: =AVERAGE(D4:D7) -> 13.025 | E9: =AVERAGE(E4:E7) -> 10.775 | F9: =AVERAGE(F4:F7) -> 58.566667 | G9: =AVERAGE(G4:G7) -> #DIV/0! | H9: =AVERAGE(H4:H7) -> #DIV/0! | I9: =AVERAGE(I4:I7) -> #DIV/0! | J9: =AVERAGE(J4:J7) -> 7.225

Sheet Maize stover)
A1: 12) ZSTOVER | C1: crop residue from maiZe
D2: ruminants | F2: monogastrics
A3: Name | B3: Dry metter content (%) | C3: GE (MJ/kg) | D3: DE (MJ/kg) | E3: ME (MJ/kg) | F3: DE (MJ/kg) | G3: ME (MJ/kg) - pigs | H3: ME (MJ/kg) - poultry | I3: CP (%DM) | J3: source
A4: Maize stover, fresh | B4: 29.6 | C4: 18.2 | D4: 10.3 | E4: 8.4 | F4: 56.7 | I4: 6.8 | J4: http://www.feedipedia.org/node/12873
A5: Maize stover, dried | B5: 92.8 | C5: 18.2 | D5: 8.5 | E5: 6.9 | F5: 46.8 | I5: 3.9 | J5: http://www.feedipedia.org/node/12874
A7: mean | B7: =AVERAGE(B4,B5) -> 61.2 | C7: =AVERAGE(C4:C5) -> 18.2 | D7: =AVERAGE(D4:D5) -> 9.4 | E7: =AVERAGE(E4:E5) -> 7.65 | F7: =AVERAGE(F4:F5) -> 51.75 | G7: =AVERAGE(G4:G5) -> #DIV/0! | H7: =AVERAGE(H4:H5) -> #DIV/0! | I7: =AVERAGE(I4:I5) -> 5.35

Sheet MIllet stover)
A1: 13) MSTOVER | C1: crop residue from Millet
C2: ruminants | G2: monogastrics
A3: Name | B3: Dry metter content (%) | C3: GE (MJ/kg) | D3: DE (MJ/kg) | E3: ME (MJ/kg) | F3: Nitrogen digestibility(%) | G3: DE (MJ/kg) - pigs | H3: ME (MJ/kg) - pigs | I3: ME (MJ/kg) - poultry | J3: CP (%DM) | K3: source
A4: Proso millet (Panicum miliaceum), straw | B4: 94.5 | C4: 17.7 | D4: 9 | E4: 7.2 | J4: 3.7 | K4: http://www.feedipedia.org/node/12009
A5: Finger millet (Eleusine coracana), straw, silage | C5: 17.8 | D5: 9.5 | E5: 7.7 | F5: 8 | J5: 3.6 | K5: http://www.feedipedia.org/node/12092
A6: Pearl millet (Pennisetum glaucum), straw | B6: 93.1 | C6: 17.7 | D6: 7.7 | E6: 6.3 | F6: 7 | J6: 5.2 | K6: http://www.feedipedia.org/node/12442
A7: Finger millet (Eleusine coracana), straw | B7: 93.1 | C7: 17.7 | D7: 9.5 | E7: 7.7 | F7: 16 | J7: 5 | K7: http://www.feedipedia.org/node/12091
A9: mean | B9: =AVERAGE(B4,B6,B7) -> 93.566667 | C9: =AVERAGE(C4:C7) -> 17.725 | D9: =AVERAGE(D4:D7) -> 8.925 | E9: =AVERAGE(E4:E7) -> 7.225 | F9: =AVERAGE(F5,F6,F7) -> 10.333333 | G9: =AVERAGE(G4:G7) -> #DIV/0! | H9: =AVERAGE(H4:H7) -> #DIV/0! | J9: =AVERAGE(J4:J7) -> 4.375

Sheet Pigeon peas straw)
A1: PIGEON PEAS STRAW | C1: crop residue from maiZe
D2: ruminants | G2: monogastrics
A3: Name | B3: Dry matter (%) | C3: GE (MJ/kg) | D3: DE (MJ/kg) | E3: Nitrogen digestibility(%) | F3: ME (MJ/kg) | G3: DE (%) | H3: ME (MJ/kg) - pigs | I3: Nitrogen digestibility(%) | J3: ME (MJ/kg) - poultry | K3: CP (%DM) | L3: source
A4: Pigeon pea (Cajanus cajan), aerial part, fresh | B4: 31.8 | C4: 19.7 | D4: 12.1 | E4: 64.5 | F4: 9.6 | K4: 19 | L4: https://www.feedipedia.org/node/11909
A5: Pigeon pea (Cajanus cajan), hay | B5: 90.3 | C5: 19.2 | D5: 10.8 | F5: 8.7 | K5: 14.5 | L5: https://www.feedipedia.org/node/11910
A7: mean | B7: =AVERAGE(B4,B5) -> 61.05 | C7: =AVERAGE(C4:C5) -> 19.45 | D7: =AVERAGE(D4:D5) -> 11.45 | F7: =AVERAGE(F4:F5) -> 9.15 | G7: =AVERAGE(G4:G5) -> #DIV/0! | H7: =AVERAGE(H4:H5) -> #DIV/0! | J7: =AVERAGE(J4:J5) -> #DIV/0! | K7: =AVERAGE(K4:K5) -> 16.75

Sheet Banana stems)
A1: BANANA STEMS
D2: ruminants | G2: monogastrics
A3: Name | B3: Dry matter (%) | C3: GE (MJ/kg) | D3: DE (MJ/kg) | E3: ME (MJ/kg) | F3: Nitrogen digestibility (%) | G3: DE (MJ/kg) - pigs | H3: ME (MJ/kg) - pigs | I3: ME (MJ/kg) - poultry | J3: CP (%DM) | K3: source
A4: Banana shoots, fresh | C4: 17.9 | G4: 2.6 | J4: 7.7 | K4: https://www.feedipedia.org/node/11816
A5: Plantain banana trunk, fresh | B5: 6.9 | C5: 16.7 | G5: 8.8 | J5: 3.5 | K5: https://www.feedipedia.org/node/12462
A6: Banana stalks, fresh | B6: 7.2 | C6: 16.6 | G6: 7.4 | J6: 5.1 | K6: https://www.feedipedia.org/node/11817
A7: Banana, aerial part, fresh | B7: 16 | C7: 17.7 | D7: 12.4 | E7: 9.9 | F7: 54.7 | J7: 16.6 | K7: https://www.feedipedia.org/node/11818
A8: Plantain banana shoots, fresh | C8: 17.1 | G8: 2.7 | J8: 8.7 | K8: https://www.feedipedia.org/node/12461
A10: mean | B10: =AVERAGE(B5,B6,B7) -> 10.033333 | C10: =AVERAGE(C4:C8) -> 17.2 | D10: =AVERAGE(D4:D8) -> 12.4 | E10: =AVERAGE(E4:E8) -> 9.9 | G10: =AVERAGE(G4:G8) -> 5.375 | H10: =AVERAGE(H4:H8) -> #DIV/0! | J10: =AVERAGE(J4:J8) -> 8.32

Sheet Mango
A1: MANGO
D2: ruminants | G2: monogastrics
A3: Name | B3: Dry matter (%) | C3: GE (MJ/kg) | D3: DE (MJ/kg) | E3: ME (MJ/kg) | F3: Nitrogen digestibility (%) | G3: DE (MJ/kg) - pigs | H3: ME (MJ/kg) - pigs | I3: ME (MJ/kg) - poultry | J3: CP (%DM) | K3: source
A4: Mango (Mangifera indica) fruits, fresh | B4: 17.1 | C4: 17.9 | J4: 4.7 | K4: https://www.feedipedia.org/node/12304
A5: Mango (Mangifera indica), pulp, fresh | B5: 17.5 | C5: 17.8 | G5: 14.1 | J5: 4.2 | K5: https://www.feedipedia.org/node/12308
A6: Mango (Mangifera indica), kernels, fresh | B6: 53.5 | C6: 18.9 | E6: 10.7 | F6: 72.1 | G6: 16.4 | J6: 6.4 | K6: https://www.feedipedia.org/node/12305
A7: Mango (Mangifera indica), kernels, dried | B7: 91.9 | C7: 20.2 | D7: 17.2 | J7: 7.5 | K7: https://www.feedipedia.org/node/12817
A8: Mango (Mangifera indica), peels, fresh | B8: 15.6 | C8: 17.7 | G8: 13.8 | J8: 6.2 | K8: https://www.feedipedia.org/node/12814
A9: Mango (Mangifera indica), peels, dried | B9: 92.2 | C9: 17.8 | G9: 12.5 | J9: 4.6 | K9: https://www.feedipedia.org/node/12815
A10: Mango (Mangifera indica), juice extraction by-product, dried | B10: 91.9 | C10: 18.6 | D10: 15.6 | E10: 13.1 | G10: 12.5 | J10: 5 | K10: https://www.feedipedia.org/node/14827
A11: Mango (Mangifera indica), oil meal | B11: 93.7 | C11: 17.4 | G11: 14.9 | J11: 6.9 | K11: https://www.feedipedia.org/node/12816
A13: mean | B13: =AVERAGE(B4,B5,B6,B7,B8,B9,B10,B11) -> 59.175 | C13: =AVERAGE(C4,C5,C6,C7,C8,C9,C10,C11) -> 18.2875 | D13: =AVERAGE(D7,D10) -> 16.4 | E13: =AVERAGE(E6,E10) -> 11.9 | G13: =AVERAGE(G5,G6,G8,G9,G10,G11) -> 14.033333 | H13: =AVERAGE(H4:H8) -> #DIV/0! | J13: =AVERAGE(J4,J5,J6,J7,J8,J9,J10,J11) -> 5.6875

Sheet Lemon Lime
A1: LEMON and LIME
D2: ruminants | G2: monogastrics
A3: Name | B3: Dry matter (%) | C3: GE (MJ/kg) | D3: DE (MJ/kg) | E3: ME (MJ/kg) | F3: Nitrogen digestibility (%) | G3: DE (MJ/kg) - pigs | H3: ME (MJ/kg) - pigs | I3: ME (MJ/kg) - poultry | J3: Nitrogen digestibility(%) | K3: CP (%DM) | L3: source
A4: Lime (Citrus aurantiifolia), fruits | B4: 31.9 | C4: 20.5 | G4: 4.9 | K4: 11.3 | L4: https://www.feedipedia.org/node/12257
A5: Lemon fruits, dried | B5: 92.1 | C5: 16.5 | D5: 12.3 | E5: 10.2 | F5: 63.4 | G5: 10.6 | J5: 41.4 | K5: 8.1 | L5: https://www.feedipedia.org/node/12847
A8: mean | B8: =AVERAGE(B4,B5) -> 62 | C8: =AVERAGE(C4,C5) -> 18.5 | G8: =AVERAGE(G4,G5) -> 7.75 | K8: =AVERAGE(K4,K5) -> 9.7

Sheet Carobs
A1: CAROBS
D2: ruminants | G2: monogastrics
A3: Name | B3: Dry matter (%) | C3: GE (MJ/kg) | D3: DE (MJ/kg) | E3: ME (MJ/kg) | F3: Nitrogen digestibility (%) | G3: DE (MJ/kg) - pigs | H3: ME (MJ/kg) - pigs | I3: ME (MJ/kg) - poultry | J3: Nitrogen digestibility(%) | K3: CP (%DM) | L3: source
A4: Carob (Ceratonia siliqua), pod meal, without seeds | B4: 85.3 | C4: 17.4 | D4: 10.3 | E4: 8.7 | F4: 26.1 | G4: 8.5 | H4: 8.2 | J4: 69.2 | K4: 5.1 | L4: https://www.feedipedia.org/node/11933
A5: Carob (Ceratonia siliqua), whole pods | B5: 83.2 | C5: 18 | E5: 11.2 | G5: 9.9 | J5: 71.9 | K5: 7.8 | L5: https://www.feedipedia.org/node/14532
A6: Carob (Ceratonia siliqua), germ, dehydrated | B6: 91.7 | C6: 20.7 | E6: 9.9 | G6: 17.3 | K6: 49.4 | L6: https://www.feedipedia.org/node/11932
A7: Carob (Ceratonia siliqua), seeds | C7: 18.8 | D7: 16.8 | E7: 13.7 | F7: 67 | G7: 14.1 | H7: 13.4 | K7: 17.8 | L7: https://www.feedipedia.org/node/11936
A9: mean | B9: =AVERAGE(B4,B5,B6) -> 86.733333 | C9: =AVERAGE(C4,C5,C6,C7) -> 18.725 | D9: =AVERAGE(D4,D7) -> 13.55 | E9: =AVERAGE(E4,E5,E6,E7) -> 10.875 | F9: =AVERAGE(F4,F7) -> 46.55 | G9: =AVERAGE(G4,G5,G6,G7) -> 12.45 | H9: =AVERAGE(H4,H7) -> 10.8 | J9: =AVERAGE(J4,J5) -> 70.55 | K9: =AVERAGE(K4,K5,K6,K7) -> 20.025

Sheet Castor oil
A1: CASTOR OIL
D2: ruminants | G2: monogastrics
A3: Name | B3: Dry matter (%) | C3: GE (MJ/kg) | D3: DE (MJ/kg) | E3: ME (MJ/kg) | F3: Nitrogen digestibility (%) | G3: DE (MJ/kg) - pigs | H3: ME (MJ/kg) - pigs | I3: ME (MJ/kg) - poultry | J3: Nitrogen digestibility(%) | K3: CP (%DM) | L3: source
A4: Castor (Ricinus communis), oil cake, detoxified, oil < 5% | B4: 89.6 | C4: 19.2 | D4: =C4*0.65 -> 12.48 | E4: 9.4 | F4: 76.6 | G4: 11.1 | H4: 10.3 | I4: =AVERAGE(7.8,8) -> 7.9 | J4: 45.6 | K4: 35.9 | L4: https://www.feedipedia.org/node/11950
A5: Castor (Ricinus communis), oil cake, detoxified, oil > 5% | B5: 89.8 | C5: 21.4 | D5: =0.66*C5 -> 14.124 | E5: 10.8 | F5: 75.6 | G5: 12.8 | H5: 12 | I5: =AVERAGE(10.9,10.4) -> 10.65 | J5: 61.1 | K5: 33.1 | L5: https://www.feedipedia.org/node/26844
A7: mean | B7: =AVERAGE(B4,B5) -> 89.7 | C7: =AVERAGE(C4,C5) -> 20.3 | D7: =AVERAGE(D4,D5) -> 13.302 | E7: =AVERAGE(E4,E5) -> 10.1 | F7: =AVERAGE(F4,F5) -> 76.1 | G7: =AVERAGE(G4,G5) -> 11.95 | H7: =AVERAGE(H4,H5) -> 11.15 | I7: =AVERAGE(I4,I5) -> 9.275 | ... K7: =AVERAGE(K4,K5) -> 34.5

Sheet Poppy oil meal
A1: POPPY OIL MEAL
D2: ruminants | G2: monogastrics
A3: Name | B3: Dry matter (%) | C3: GE (MJ/kg) | D3: DE (MJ/kg) | E3: ME (MJ/kg) | F3: Nitrogen digestibility (%) | G3: DE (MJ/kg) - pigs | H3: ME (MJ/kg) - pigs | I3: ME (MJ/kg) - poultry | J3: Nitrogen digestibility(%) | K3: CP (%DM) | L3: source
A4: Poppy (Papaver somniferum), oil meal, mechanical extraction | B4: 92.5 | C4: 19.9 | D4: 14.4 | E4: 11 | F4: 79.1 | G4: 12.7 | H4: 11.7 | K4: 19.9 | L4: https://www.feedipedia.org/node/12463
A5: Poppy (Papaver somniferum), oil meal, solvent extraction | B5: 89.8 | C5: 18.1 | G5: 10.9 | K5: 39.3 | L5: https://www.feedipedia.org/node/12464
A7: mean | B7: =AVERAGE(B4,B5) -> 91.15 | C7: =AVERAGE(C4,C5) -> 19 | D7: =AVERAGE(D4,D5) -> 14.4 | E7: =AVERAGE(E4,E5) -> 11 | F7: =AVERAGE(F4,F5) -> 79.1 | G7: =AVERAGE(G4,G5) -> 11.8 | H7: =AVERAGE(H4,H5) -> 11.7 | K7: =AVERAGE(K4,K5) -> 29.6

Sheet Orange
A2: ORANGE | D2: ruminants | G2: monogastrics
A3: Name | B3: Dry matter (%) | C3: GE (MJ/kg) | D3: DE (MJ/kg) | E3: ME (MJ/kg) | F3: Nitrogen digestibility (%) | G3: DE (MJ/kg) - pigs | H3: ME (MJ/kg) - pigs | I3: ME (MJ/kg) - poultry | J3: Nitrogen digestibility(%) | K3: CP (%DM) | L3: source
A4: Orange peels, fresh | B4: 16.1 | C4: 18.3 | D4: 17.3 | E4: 14.6 | F4: 76.8 | G4: 14.9 | J4: 74.2 | K4: 6.8 | L4: https://www.feedipedia.org/node/12415
A5: Orange peels, silage | B5: 19.6 | C5: 18.1 | D5: 15.1 | E5: 12.6 | F5: 67.7 | G5: 12.9 | J5: 61.1 | K5: 7.7 | L5: https://www.feedipedia.org/node/12416
A8: mean | B8: =AVERAGE(B4,B5) -> 17.85 | C8: =AVERAGE(C4,C5) -> 18.2 | D8: =AVERAGE(D4,D5) -> 16.2 | E8: =AVERAGE(E4,E5) -> 13.6 | F8: =AVERAGE(F4,F5) -> 72.25 | G8: =AVERAGE(G4,G5) -> 13.9 | J8: =AVERAGE(J4,J5) -> 67.65 | K8: =AVERAGE(K4,K5) -> 7.25

Sheet Grapes
A2: GRAPES | D2: ruminants | G2: monogastrics
A3: Name | B3: Dry matter (%) | C3: GE (MJ/kg) | D3: DE (MJ/kg) | E3: ME (MJ/kg) | F3: Nitrogen digestibility (%) | G3: DE (MJ/kg) - pigs | H3: ME (MJ/kg) - pigs | I3: ME (MJ/kg) - poultry | J3: Nitrogen digestibility(%) | K3: CP (%DM) | L3: source
A4: Grape leaves, fresh | B4: 34.6 | C4: 18 | D4: 7.7 | E4: 6.3 | F4: 17.5 | K4: 10.4 | L4: https://www.feedipedia.org/node/12132
A5: Grape branches and leaves, fresh | B5: 56.3 | C5: 18.5 | D5: 6.3 | E5: 5.1 | F5: -1.7 | K5: 4.6
A7: mean | B7: =AVERAGE(B4,B5) -> 45.45 | C7: =AVERAGE(C4,C5) -> 18.25 | D7: =AVERAGE(D4,D5) -> 7 | E7: =AVERAGE(E4,E5) -> 5.7 | F7: =AVERAGE(F4,F5) -> 7.9 | K7: =AVERAGE(K4,K5) -> 7.5

Sheet Papaya
A1: PAPAYA
D2: ruminants | G2: monogastrics
A3: Name | B3: Dry matter (%) | C3: GE (MJ/kg) | D3: DE (MJ/kg) | E3: ME (MJ/kg) | F3: Nitrogen digestibility (%) | G3: DE (MJ/kg) - pigs | H3: ME (MJ/kg) - pigs | I3: ME (MJ/kg) - poultry | J3: CP (%DM) | K3: source
A4: Papaya leaves, fresh | B4: 20.9 | C4: 18.4 | J4: 25.6 | K4: https://www.feedipedia.org/node/11551
A5: Papaya leaves, dried | B5: 92.5 | C5: 17.8 | J5: 23.5 | K5: https://www.feedipedia.org/node/11552
A6: Papaya peels, fresh | B6: 9.3 | C6: 17.4 | G6: 13.8 | J6: 9 | K6: https://www.feedipedia.org/node/11553
A7: Papaya pomace, dried | B7: 92.2 | C7: 17 | G7: 8.2 | J7: 18.2 | K7: https://www.feedipedia.org/node/11554
A8: Papaya fruit | B8: 8.2 | C8: 17.1 | G8: 12.2 | J8: 11.3 | K8: https://www.feedipedia.org/node/11550
A13: mean | B13: =AVERAGE(B4,B5,B6,B7,B8) -> 44.62 | C13: =AVERAGE(C4,C5,C6,C7,C8) -> 17.54 | G13: =AVERAGE(G6,G7,G8) -> 11.4 | J13: =AVERAGE(J4,J5,J6,J7,J8) -> 17.52

Sheet Olives residues
A1: OLIVE RESIDUES
D2: ruminants | G2: monogastrics
A3: Name | B3: Dry matter (%) | C3: GE (MJ/kg) | D3: DE (MJ/kg) | E3: ME (MJ/kg) | F3: Nitrogen digestibility (%) | G3: DE (MJ/kg) - pigs | H3: ME (MJ/kg) - pigs | I3: ME (MJ/kg) - poultry | J3: CP (%DM) | K3: source
A4: Olive leaves, silage | B4: 77.1 | C4: 19.2 | E4: 7.2 | F4: 16.8 | J4: 12.2 | K4: https://www.feedipedia.org/node/12408
A5: Olive leaves and branches, dry | B5: 89.8 | C5: 18.5 | D5: 5.5 | E5: 4.5 | F5: 22.2 | J5: 7.8 | K5: https://www.feedipedia.org/node/12406
A6: Olive leaves, fresh | B6: 50.1 | C6: 18.3 | D6: 9.8 | E6: 8.1 | F6: 44.3 | J6: 9.8 | K6: https://www.feedipedia.org/node/12407
A8: mean | B8: =AVERAGE(B4,B5,B6) -> 72.333333 | C8: =AVERAGE(C4,C5,C6) -> 18.666667 | D8: =AVERAGE(D4,D5,D6) -> 7.65 | E8: =AVERAGE(E4,E5,E6) -> 6.6 | F8: =AVERAGE(F4,F5,F6) -> 27.766667 | J8: =AVERAGE(J4,J5,J6) -> 9.9333333

Sheet Olive  oil cake
A1: OLIVE OIL CAKE
D2: ruminants | G2: monogastrics
A3: Name | B3: Dry matter (%) | C3: GE (MJ/kg) | D3: DE (MJ/kg) | E3: ME (MJ/kg) | F3: Nitrogen digestibility (%) | G3: DE (MJ/kg) - pigs | H3: ME (MJ/kg) - pigs | I3: ME (MJ/kg) - poultry | J3: CP (%DM) | K3: source
A4: Olive oil cake, crude, with stones | B4: 87.7 | C4: 20.8 | D4: 5.1 | E4: 4.1 | F4: 8.5 | G4: 6.3 | J4: 7.8 | K4: https://www.feedipedia.org/node/12409
A5: Olive oil cake, crude, without stones | B5: 87.5 | C5: 20.6 | D5: 7.7 | E5: 6.2 | G5: 9.2 | J5: 9.5 | K5: https://www.feedipedia.org/node/12886
A6: Olive oil cake, exhausted, with stones | B6: 88.4 | C6: 18.6 | D6: 4.4 | E6: 3.5 | F6: 24 | G6: 5.8 | J6: 12.7 | K6: https://www.feedipedia.org/node/12887
A7: Olive oil cake, exhausted, without stones | B7: 82.8 | C7: 18.8 | D7: 7.6 | E7: 6.2 | G7: 9.1 | J7: 11 | K7: https://www.feedipedia.org/node/12888
A9: mean | B9: =AVERAGE(B4,B5,B6,B7) -> 86.6 | C9: =AVERAGE(C4,C5,C6,C7) -> 19.7 | D9: =AVERAGE(D4,D5,D6,D7) -> 6.2 | E9: =AVERAGE(E4,E5,E6,E7) -> 5 | F9: =AVERAGE(F4,F5,F6,F7) -> 16.25 | G9: =AVERAGE(G4,G5,G6,G7) -> 7.6 | J9: =AVERAGE(J4,J5,J6,J7) -> 10.25

Sheet Palm kernels
A1: PALM KERNELS
D2: ruminants | G2: monogastrics
A3: Name | B3: Dry matter (%) | C3: GE (MJ/kg) | D3: DE (MJ/kg) | E3: ME (MJ/kg) | F3: Nitrogen digestibility (%) | G3: DE (MJ/kg) - pigs | H3: ME (MJ/kg) - pigs | I3: ME (MJ/kg) - poultry | J3: CP (%DM) | K3: source
A4: Babassu (Attalea speciosa), oil meal, partially decorticated, expeller extraction | B4: 92.2 | C4: 20.2 | G4: 8 | J4: 21.9 | K4: https://www.feedipedia.org/node/11792
A5: Babassu (Attalea speciosa), oil meal, partially decorticated, solvent extraction | B5: 91.6 | C5: 19.1 | G5: 8.3 | J5: 18.7 | K5: https://www.feedipedia.org/node/12823
A6: Babassu (Attalea speciosa), oil meal, decorticated, expeller extraction | B6: 91.5 | C6: 19.9 | D6: =0.68*C6 -> 13.532 | E6: 11.5 | F6: 85 | G6: 12.8 | J6: 25.1 | K6: https://www.feedipedia.org/node/12824
A7: Babassu (Attalea speciosa), oil meal, decorticated, solvent extraction | B7: 91.4 | C7: 18.6 | G7: 11.5 | J7: 24.1 | K7: https://www.feedipedia.org/node/12825
A9: mean | B9: =AVERAGE(B4,B5,B7,B6) -> 91.675 | C9: =AVERAGE(C4,C5,C7,C6) -> 19.45 | D9: =AVERAGE(D4,D5,D7,D6) -> 13.532 | E9: =AVERAGE(E4,E5,E7,E6) -> 11.5 | F9: =AVERAGE(F4,F5,F7,F6) -> 85 | G9: =AVERAGE(G4,G5,G7,G6) -> 10.15 | J9: =AVERAGE(J4,J5,J7,J6) -> 22.45

Sheet Yams
A1: YAMS
D2: ruminants | G2: monogastrics
A3: Name | B3: Dry matter (%) | C3: GE (MJ/kg) | D3: DE (MJ/kg) | E3: ME (MJ/kg) | F3: Nitrogen digestibility (%) | G3: DE (MJ/kg) - pigs | H3: ME (MJ/kg) - pigs | I3: ME (MJ/kg) - poultry | J3: CP (%DM) | K3: source
A4: White yam (Dioscorea rotundata), tuber, fresh | B4: 26.2 | C4: 17.1 | G4: 14.8 | J4: 5.9 | K4: https://www.feedipedia.org/node/12767
A5: Chinese yam (Dioscorea esculenta), tuber, fresh | B5: 18.6 | C5: 17.3 | G5: 14.7 | J5: 8.7 | K5: https://www.feedipedia.org/node/11980
A6: Yellow yam (Dioscorea cayenensis), tuber, fresh | B6: 16.6 | C6: 17.3 | G6: 14.9 | J6: 6.2 | K6: https://www.feedipedia.org/node/12795
A7: Winged yam (Dioscorea alata), tuber, fresh | B7: 29.8 | C7: 17.2 | G7: 14.8 | J7: 8.9 | K7: https://www.feedipedia.org/node/12778
A9: mean | B9: =AVERAGE(B4,B5,B6,B7) -> 22.8 | C9: =AVERAGE(C4,C5,C6,C7) -> 17.225 | G9: =AVERAGE(G4,G5,G6,G7) -> 14.8 | J9: =AVERAGE(J4,J5,J6,J7) -> 7.425

Sheet Taro
A1: TARO
D2: ruminants | G2: monogastrics
A3: Name | B3: Dry matter (%) | C3: GE (MJ/kg) | D3: DE (MJ/kg) | E3: ME (MJ/kg) | F3: Nitrogen digestibility (%) | G3: DE (MJ/kg) - pigs | H3: ME (MJ/kg) - pigs | I3: ME (MJ/kg) - poultry | J3: CP (%DM) | K3: source
A4: Taro (Colocasia esculenta), tuber, fresh | B4: 28.6 | C4: 17.2 | G4: 14.8 | H4: 14.5 | J4: 5.4 | K4: https://www.feedipedia.org/node/12692
A5: Taro (Colocasia esculenta), tuber, peeled, fresh | B5: 31.9 | C5: 17.2 | G5: 14.7 | J5: 6.9 | K5: https://www.feedipedia.org/node/12693
A6: Taro (Colocasia esculenta), tuber, dried | B6: 89.5 | C6: 17.3 | D6: 14.1 | E6: 11.8 | F6: 62.7 | G6: 15 | I6: =AVERAGE(11.7,10.8) -> 11.25 | J6: 8.1 | K6: https://www.feedipedia.org/node/17276
A8: mean | B8: =AVERAGE(B5,B4,B6) -> 50 | C8: =AVERAGE(C5,C4,C6) -> 17.233333 | D8: =AVERAGE(D5,D4,D6) -> 14.1 | E8: =AVERAGE(E5,E4,E6) -> 11.8 | F8: =AVERAGE(F5,F4,F6) -> 62.7 | G8: =AVERAGE(G5,G4,G6) -> 14.833333 | H8: =AVERAGE(H5,H4,H6) -> 14.5 | I8: =AVERAGE(I5,I4,I6) -> 11.25 | J8: =AVERAGE(J5,J4,J6) -> 6.8

Sheet Yautia
A1: TARO
D2: ruminants | G2: monogastrics
A3: Name | B3: Dry matter (%) | C3: GE (MJ/kg) | D3: DE (MJ/kg) | E3: ME (MJ/kg) | F3: Nitrogen digestibility (%) | G3: DE (MJ/kg) - pigs | H3: ME (MJ/kg) - pigs | I3: ME (MJ/kg) - poultry | J3: CP (%DM) | K3: source
A4: Malanga (Xanthosoma sagittifolium), peelings, fresh | B4: 29.5 | C4: 17 | G4: 12.3 | J4: 8.2 | K4: https://www.feedipedia.org/node/12300
A5: Malanga (Xanthosoma sagittifolium), tubers, fresh | B5: 31 | C5: 17.1 | G5: 14.7 | J5: 6.8 | K5: https://www.feedipedia.org/node/12302
A6: Malanga (Xanthosoma sagittifolium), tubers, peeled, fresh | B6: 24.1 | C6: 16.8 | G6: 14.8 | J6: 5.9 | K6: https://www.feedipedia.org/node/12303
A8: mean | B8: =AVERAGE(B4,B5,B6) -> 28.2 | C8: =AVERAGE(C4,C5,C6) -> 16.966667 | G8: =AVERAGE(G4,G5,G6) -> 13.933333 | J8: =AVERAGE(J4,J5,J6) -> 6.9666667

Sheet Lupins)
A1: LUPINS
D2: ruminants | G2: monogastrics
A3: Name | B3: Dry matter (%) | C3: GE (MJ/kg) | D3: DE (MJ/kg) | E3: ME (MJ/kg) | F3: Nitrogen digestibility (%) | G3: DE (MJ/kg) | H3: ME (MJ/kg) - pigs | I3: ME (MJ/kg) - poultry | J3: Nitrogen digestibility (%) | K3: CP (%DM) | L3: source
A4: Blue lupin (Lupinus angustifolius) seeds | B4: 90.2 | C4: 20.3 | D4: =C4*0.89 -> 18.067 | E4: 14.1 | F4: 80 | G4: 15.8 | H4: 14.7 | J4: 84 | K4: 33.7 | L4: https://www.feedipedia.org/node/12271
A5: White lupin (Lupinus albus), seeds | B5: 88.1 | C5: 21.2 | D5: =C5*0.906 -> 19.2072 | E5: 14.8 | F5: 79.9 | G5: 17 | H5: 15.8 | I5: =AVERAGE(11.4,11.1) -> 11.25 | J5: 82.8 | K5: 37.9 | L5: https://www.feedipedia.org/node/12275
A6: Yellow lupin (Lupinus luteus) seeds | B6: 88.8 | C6: 20.5 | D6: =C6*0.89 -> 18.245 | E6: 13.9 | F6: 80 | G6: 15.6 | H6: 14.4 | J6: 83 | K6: 42.2 | L6: https://www.feedipedia.org/node/23097
A8: mean | B8: =AVERAGE(B4:B6) -> 89.033333 | C8: =AVERAGE(C4:C6) -> 20.666667 | D8: =AVERAGE(D4:D6) -> 18.5064 | E8: =AVERAGE(E4:E6) -> 14.266667 | F8: =AVERAGE(F4:F6) -> 79.966667 | G8: =AVERAGE(G4:G6) -> 16.133333 | H8: =AVERAGE(H4:H6) -> 14.966667 | I8: =AVERAGE(I4:I6) -> 11.25 | ... K8: =AVERAGE(K4:K6) -> 37.933333

Sheet Cereal straws
A1: CEREAL STRAWS
D2: ruminants | G2: monogastrics
A3: Name | B3: Dry matter (%) | C3: GE (MJ/kg) | D3: DE (MJ/kg) | E3: ME (MJ/kg) | F3: Nitrogen digestibility (%) | G3: DE (MJ/kg) - pigs | H3: ME (MJ/kg) - pigs | I3: ME (MJ/kg) - poultry | J3: Nitrogen digestibility% | K3: CP (%DM) | L3: source | M3: source2
A4: Wheat straw | B4: 91 | C4: 18.5 | D4: 8.3 | E4: 6.8 | F4: 3.5 | G4: 2.3 | H4: 2 | I4: 2.1 | J4: 45.7 | K4: 4.2 | L4: https://www.feedipedia.org/node/12758 | M4: https://www.feedtables.com/content/wheat-straw
A5: Barley straw | B5: 90.9 | C5: 18.2 | D5: 8 | E5: 6.5 | F5: 30.3 | G5: 2.5 | H5: 2.2 | K5: 3.8 | L5: https://www.feedipedia.org/node/11830
A6: Oat straw | B6: 89.6 | C6: 18 | D6: 8.1 | E6: 6.6 | F6: 31 | G6: 2.7 | H6: 2.4 | I6: =AVERAGE(4.3,3.9) -> 4.1 | J6: 76.2 | K6: 3.6 | L6: https://www.feedipedia.org/node/12389 | M6: https://www.feedtables.com/content/oat-hulls
A7: Triticale straw | B7: 92.5 | C7: 18.7 | D7: 8.8 | E7: 7.2 | G7: 3 | H7: 2.7 | K7: 3.2 | L7: https://www.feedipedia.org/node/16332
A8: Rye straw | B8: 92 | C8: 18.3 | D8: 8.2 | E8: 6.6 | F8: 2 | G8: 2.2 | H8: 1.9 | K8: 4.1 | L8: https://www.feedipedia.org/node/14205
A9: Tef (Eragrostif tef), aerial part, straw | B9: 91.6 | C9: 18.1 | D9: 9.7 | E9: 7.9 | F9: 15.6 | K9: 4.1 | L9: https://www.feedipedia.org/node/22526
A11: mean | B11: =AVERAGE(B4,B5,B6,B7,B8,B9) -> 91.266667 | C11: =AVERAGE(C4,C5,C6,C7,C8,C9) -> 18.3 | D11: =AVERAGE(D4,D5,D6,D7,D8,D9) -> 8.5166667 | E11: =AVERAGE(E4,E5,E6,E7,E8,E9) -> 6.9333333 | F11: =AVERAGE(F4,F5,F6,F7,F8,F9) -> 16.48 | G11: =AVERAGE(G4,G5,G6,G7,G8,G9) -> 2.54 | H11: =AVERAGE(H4,H5,H6,H7,H8,H9) -> 2.24 | I11: =AVERAGE(I4,I5,I6,I7,I8,I9) -> 3.1 | ... K11: =AVERAGE(K4,K5,K6,K7,K8,K9) -> 3.8333333

Sheet Clover forage
A1: CLOVER FORAGE
D2: ruminants | G2: monogastrics
A3: Name | B3: Dry matter (%) | C3: GE (MJ/kg) | D3: DE (MJ/kg) | E3: ME (MJ/kg) | F3: Nitrogen digestibility (%) | G3: DE (MJ/kg) - pigs | H3: ME (MJ/kg) - pigs | I3: ME (MJ/kg) - poultry | J3: Nitrogen digestibility% | K3: CP (%DM) | L3: source
A4: White clover (Trifolium repens), aerial part, fresh | B4: 16.8 | C4: 18.3 | D4: 14.2 | E4: 11.1 | F4: 82.2 | K4: 24.9 | L4: https://www.feedipedia.org/node/12762
A5: Berseem (Trifolium alexandrinum), aerial part, fresh | B5: 12.5 | C5: 17.4 | D5: 12.2 | E5: 9.6 | F5: 74.9 | K5: 19.9 | L5: https://www.feedipedia.org/node/11851
A6: Crimson clover (Trifolium incarnatum), aerial part, fresh | B6: 25.2 | C6: 18.1 | D6: 13.1 | E6: 10.6 | F6: 74.1 | K6: 15.9 | L6: https://www.feedipedia.org/node/12035
A7: Persian clover (Trifolium resupinatum), aerial part, fresh | B7: 11.6 | C7: 17.6 | D7: 12.9 | E7: 10.3 | F7: 78.8 | K7: 21.6 | L7: https://www.feedipedia.org/node/12450
A8: Red clover (Trifolium pratense), aerial part, fresh | B8: 19 | C8: 18.4 | D8: 13.1 | E8: 10.4 | F8: 73.3 | K8: 19.7 | L8: https://www.feedipedia.org/node/12508
A9: Subterranean clover (Trifolium subterraneum), aerial part, fresh | B9: 15.1 | C9: 18.3 | D9: 12 | E9: 9.5 | F9: 77 | K9: 18.1 | L9: https://www.feedipedia.org/node/12645
A10: Tembien clover (Trifolium tembense), aerial part, fresh | B10: 19.9 | C10: 18.3 | D10: 13.6 | E10: 10.9 | K10: 17.8 | L10: https://www.feedipedia.org/node/12696
A12: mean | B12: =AVERAGE(B4,B5,B6,B7,B8,B9,B10) -> 17.157143 | C12: =AVERAGE(C4,C5,C6,C7,C8,C9,C10) -> 18.057143 | D12: =AVERAGE(D4,D5,D6,D7,D8,D9,D10) -> 13.014286 | E12: =AVERAGE(E4,E5,E6,E7,E8,E9,E10) -> 10.342857 | F12: =AVERAGE(F4,F5,F6,F7,F8,F9,F10) -> 76.716667 | K12: =AVERAGE(K4,K5,K6,K7,K8,K9,K10) -> 19.7

Sheet Hay grass non leguminose
A1: HAY GRASS NON-LEGUMINOSE
D2: ruminants | G2: monogastrics
A3: Name | B3: Dry matter (%) | C3: GE (MJ/kg) | D3: DE (MJ/kg) | E3: ME (MJ/kg) | F3: Nitrogen digestibility (%) | G3: DE (MJ/kg) - pigs | H3: ME (MJ/kg) - pigs | I3: ME (MJ/kg) - poultry | J3: Nitrogen digestibility% | K3: CP (%DM) | L3: source
A4: Elephant grass (Pennisetum purpureum), hay | B4: 89.3 | C4: 17.9 | D4: 9.9 | E4: 7.9 | F4: 59.4 | K4: 10.3 | L4: https://www.feedipedia.org/node/12366
A5: Dubi grass (Urochloa oligotricha), hay | B5: 89.3 | C5: 17.6 | D5: 12 | E5: 9.6 | F5: 37.6 | K5: 17.7 | L5: https://www.feedipedia.org/node/12062
A6: Dal grass (Hymenachne amplexicaulis), hay | C6: 17 | D6: 10.4 | E6: 8.5 | F6: 42.4 | K6: 7.5 | L6: https://www.feedipedia.org/node/12045
A7: Bermuda grass (Cynodon dactylon), hay | B7: 91.5 | C7: 18.3 | D7: 9.2 | E7: 7.4 | F7: 58.3 | K7: 10.2 | L7: https://www.feedipedia.org/node/11850
A8: Nile grass (Acroceras macrum), aerial part, hay | C8: 18.5 | D8: 10.9 | E8: 8.8 | F8: 57.5 | K8: 8.5 | L8: https://www.feedipedia.org/node/12382
A9: Congo grass (Brachiaria ruziziensis), hay | B9: 89.5 | C9: 18 | D9: 7.9 | E9: 6.4 | K9: 4.6 | L9: https://www.feedipedia.org/node/12848
A10: St Augustine grass (Stenotaphrum secundatum), hay | C10: 19.1 | D10: 11 | E10: 9 | F10: 30.7 | K10: 6.7 | L10: https://www.feedipedia.org/node/12640
B11: =AVERAGE(B4,B5,B7,B9) -> 89.9 | C11: =AVERAGE(C4,C6,C5,C7,C8,C9,C10) -> 18.057143 | D11: =AVERAGE(D4,D6,D5,D7,D8,D9,D10) -> 10.185714 | E11: =AVERAGE(E4,E6,E5,E7,E8,E9,E10) -> 8.2285714 | F11: =AVERAGE(F4,F6,F5,F7,F8,F9,F10) -> 47.65 | K11: =AVERAGE(K4,K6,K5,K7,K8,K9,K10) -> 9.3571429
A12: mean

Sheet Hay grass leguminose
A1: HAY GRASS LEGUMINOSE
D2: ruminants | G2: monogastrics
A3: Name | B3: Dry matter (%) | C3: GE (MJ/kg) | D3: DE (MJ/kg) | E3: ME (MJ/kg) | F3: Nitrogen digestibility (%) | G3: DE (MJ/kg) - pigs | H3: ME (MJ/kg) - pigs | I3: ME (MJ/kg) - poultry | J3: Nitrogen digestibility% | K3: CP (%DM) | L3: source
A4: Siratro (Macroptilium atropurpureum), aerial part, hay | B4: 85.9 | C4: 18.1 | D4: 9.1 | E4: 7.2 | F4: 80.9 | K4: 15.8 | L4: https://www.feedipedia.org/node/15457
A5: Velvet bean (Mucuna pruriens), hay | B5: 90.6 | C5: 18.5 | D5: 10.6 | E5: 8.5 | F5: 63.9 | K5: 14.8 | L5: https://www.feedipedia.org/node/12716
A6: Common vetch (Vicia sativa), hay | B6: 90.1 | C6: 18.1 | D6: 11 | E6: 8.7 | F6: 76.7 | K6: 19.7 | L6: https://www.feedipedia.org/node/12013
A7: Cowpea (Vigna unguiculata), hay | B7: 91.2 | C7: 17.5 | D7: 9.9 | E7: 7.8 | F7: 64.1 | K7: 14.8 | L7: https://www.feedipedia.org/node/12026
A8: Soybean hay | B8: 91.5 | C8: 19.6 | D8: 10.9 | E8: 8.6 | F8: 83.1 | K8: 15.9 | L8: https://www.feedipedia.org/node/12622
A10: mean | B10: =AVERAGE(B4,B5,B6,B7,B8) -> 89.86 | C10: =AVERAGE(C4,C5,C6,C7,C8) -> 18.36 | D10: =AVERAGE(D4,D5,D6,D7,D8) -> 10.3 | E10: =AVERAGE(E4,E5,E6,E7,E8) -> 8.16 | F10: =AVERAGE(F4,F5,F6,F7,F8) -> 73.74 | K10: =AVERAGE(K4,K5,K6,K7,K8) -> 16.2

Sheet Other grass
A1: OTHER GRASS
D3: ruminants | G3: monogastrics
A4: Name | B4: Dry matter (%) | C4: GE (MJ/kg) | D4: DE (MJ/kg) | E4: ME (MJ/kg) | F4: Nitrogen digestibility (%) | G4: DE (MJ/kg) - pigs | H4: ME (MJ/kg) - pigs | I4: ME (MJ/kg) - poultry | J4: Nitrogen digestibility% | K4: CP (%DM) | L4: source
A5: Whorled dropseed, fresh | B5: 41.4 | C5: 18 | D5: 11 | E5: 8.9 | G5: 6.9 | K5: 7.6 | L5: https://www.feedipedia.org/node/11536
A6: Columbus grass (Sorghum x almum), aerial part, fresh | B6: 17.5 | C6: 17.8 | D6: 10.8 | E6: 8.7 | F6: 33 | K6: 10 | L6: https://www.feedipedia.org/node/12004
A7: Elephant grass (Pennisetum purpureum), aerial part, fresh | B7: 17.9 | C7: 17.4 | D7: 10.2 | E7: 8.2 | F7: 57.3 | K7: 9.7 | L7: https://www.feedipedia.org/node/12365
A8: Cocksfoot, aerial part, fresh | B8: 20.7 | C8: 18 | D8: 12 | E8: 9.5 | F8: 58.9 | K8: 16.3 | L8: https://www.feedipedia.org/node/11991
A9: Rhodes grass (Chloris gayana), aerial part, fresh | B9: 24.9 | C9: 18.3 | D9: 10.6 | E9: 8.5 | F9: 65.3 | K9: 9 | L9: https://www.feedipedia.org/node/12518
A10: Sudan grass, fresh | B10: 20.8 | C10: 18.2 | D10: 11.6 | E10: 9.3 | F10: 68.2 | K10: 11 | L10: https://www.feedipedia.org/node/11534
A11: Timothy (Phleum pratense), aerial part, fresh | B11: 27 | C11: 18.2 | D11: 11.6 | E11: 9.3 | F11: 68 | K11: 13.8 | L11: https://www.feedipedia.org/node/16887
A13: mean | B13: =AVERAGE(B5,B6,B7,B8,B9,B10,B11) -> 24.314286 | C13: =AVERAGE(C5,C6,C7,C8,C9,C10,C11) -> 17.985714 | D13: =AVERAGE(D5,D6,D7,D8,D9,D10,D11) -> 11.114286 | E13: =AVERAGE(E5,E6,E7,E8,E9,E10,E11) -> 8.9142857 | F13: =AVERAGE(F5,F6,F7,F8,F9,F10,F11) -> 58.45 | K13: =AVERAGE(K5,K6,K7,K8,K9,K10,K11) -> 11.057143

Sheet Other legumes
A1: OTHER LEGUMES
D3: ruminants | G3: monogastrics
A4: Name | B4: Dry matter (%) | C4: GE (MJ/kg) | D4: DE (MJ/kg) | E4: ME (MJ/kg) | F4: Nitrogen digestibility (%) | G4: DE (MJ/kg) - pigs | H4: ME (MJ/kg) - pigs | I4: ME (MJ/kg) - poultry | J4: Nitrogen digestibility% | K4: CP (%DM) | L4: source
A5: Birdsfoot trefoil (Lotus corniculatus), aerial part, fresh | B5: 23.1 | C5: 18.9 | D5: 12.5 | E5: 9.8 | F5: 47.9 | K5: 21.1 | L5: https://www.feedipedia.org/node/11855
A6: Sericea (Lespedeza cuneata), aerial part, fresh | B6: 25 | C6: 17.7 | D6: 10.7 | E6: 8.5 | K6: 14.8 | L6: https://www.feedipedia.org/node/12574
A7: Kudzu, aerial part, fresh | B7: 26.5 | C7: 18.5 | D7: 11 | E7: 8.7 | F7: 85 | K7: 15.1 | L7: https://www.feedipedia.org/node/11546
A8: Agati (Sesbania grandiflora), aerial part, fresh | B8: 17.3 | C8: 19.2 | D8: 14.5 | E8: 11.5 | F8: 74 | K8: 25.5 | L8: https://www.feedipedia.org/node/11734
A9: Sesban (Sesbania sesban), aerial part, fresh | B9: 26 | C9: 18.3 | D9: 14.4 | E9: 11.5 | F9: 71.3 | K9: 24.4 | L9: https://www.feedipedia.org/node/12582
A10: Prickly sesban (Sesbania bispinosa), aerial part, fresh | B10: 21.2 | C10: 18.7 | D10: 13.5 | E10: 10.6 | F10: 63.7 | K10: 23.8 | L10: https://www.feedipedia.org/node/26497
A11: Sainfoin, aerial part, fresh | B11: 22.3 | C11: 19 | D11: 12.6 | E11: 10.1 | F11: 68.8 | K11: 16.9 | L11: https://www.feedipedia.org/node/11623
A12: Sulla (Hedysarum coronarium), aerial part, fresh | B12: 12.3 | C12: 18.1 | D12: 12.3 | E12: 9.7 | F12: 68.5 | K12: 20.2 | L12: https://www.feedipedia.org/node/12655
A14: mean | B14: =AVERAGE(B5,B6,B8,B7,B9,B10,B11,B12) -> 21.7125 | C14: =AVERAGE(C5,C6,C8,C7,C9,C10,C11,C12) -> 18.55 | D14: =AVERAGE(D5,D6,D8,D7,D9,D10,D11,D12) -> 12.6875 | E14: =AVERAGE(E5,E6,E8,E7,E9,E10,E11,E12) -> 10.05 | F14: =AVERAGE(F5,F6,F8,F7,F9,F10,F11,F12) -> 68.457143 | K14: =AVERAGE(K5,K6,K8,K7,K9,K10,K11,K12) -> 20.225

Sheet Maize)
A1: 19) MAIZE GRAIN
E2: ruminants | I2: monogastric
A3: Name | B3: Dry metter digestibility (%) | C3: GE (MJ/kg) | D3: CP (%DM) | E3: DE (MJ/kg) | F3: ME (MJ/kg) | G3: DE (MJ/kg) | H3: Nitrogen digestibility(%) | I3: ME (MJ/kg) - pigs | J3: ME (MJ/kg) - poultry | K3: Nitrogen digestibility(%) | L3: source
A4: maize grain europe | B4: 86.3 | C4: 18.7 | D4: 9.4 | E4: 16.1 | F4: 13.6 | G4: 16.5 | H4: 66.3 | I4: 16.1 | J4: 15.25 | K4: 80.8 | L4: http://www.feedipedia.org/node/556
A5: maize grain north africa and middle east | B5: 86.2 | C5: 18.7 | D5: 8.8 | E5: 16 | F5: 13.5 | G5: 16.2 | H5: 65.3 | I5: 15.9 | K5: 79.9 | L5: http://www.feedipedia.org/node/556
A6: maize grain subsaharan and east africa | B6: 90 | C6: 18.8 | D6: 8 | E6: 16.1 | F6: 13.6 | G6: 16.6 | H6: 64.2 | I6: 16.2 | J6: =AVERAGE(15.2,14.8) -> 15 | K6: 79.7 | L6: http://www.feedipedia.org/node/556
A7: maize grain north america | B7: 87.2 | C7: 18.7 | D7: 9.5 | E7: 16.2 | F7: 13.7 | G7: 16.5 | H7: 67 | I7: 16.1 | J7: 15.25 | K7: 81.4 | L7: http://www.feedipedia.org/node/556
A8: maize grain central and south america | B8: 86.7 | C8: 18.7 | D8: 9.2 | E8: 16.1 | F8: 13.6 | G8: 16.5 | H8: 65.8 | I8: 16.1 | K8: 80.3 | L8: http://www.feedipedia.org/node/556
A9: maize grain asia and asustralasia | B9: 87.2 | C9: 18.7 | D9: 9.7 | E9: 16.1 | F9: 13.5 | G9: 16.2 | H9: 67.1 | I9: 15.8 | J9: =AVERAGE(15.2,14.9) -> 15.05 | K9: 80.2 | L9: http://www.feedipedia.org/node/556
A11: mean | B11: =AVERAGE(B4,B5,B6,B7,B8,B9) -> 87.266667 | C11: =AVERAGE(C4:C9) -> 18.716667 | D11: =AVERAGE(D4:D9) -> 9.1 | E11: =AVERAGE(E4:E9) -> 16.1 | F11: =AVERAGE(F4:F9) -> 13.583333 | G11: =AVERAGE(G4:G9) -> 16.416667 | H11: =AVERAGE(H4,H5,H7,H6,H8,H9) -> 65.95 | I11: =AVERAGE(I4:I9) -> 16.033333 | J11: =AVERAGE(J4:J9) -> 15.1375 | K11: =AVERAGE(K4,K5,K6,K7,K8,K9) -> 80.383333

Sheet MIllet)
A1: MILLET
C2: ruminants | G2: monogastrics
A3: Name | B3: Dry metter content (%) | C3: GE (MJ/kg) | D3: DE (MJ/kg) | E3: ME (MJ/kg) | F3: Nitrogen digestibility(%) | G3: DE (%) | H3: ME (MJ/kg) - pigs | I3: ME (MJ/kg) - poultry | J3: Nitrogen digestibility(%) | K3: CP (%DM) | L3: source
A4: Finger millet | B4: 89 | C4: 17.7 | D4: 14 | E4: 11.8 | G4: 14.4 | K4: 8.9 | L4: https://www.feedipedia.org/node/721
A5: Pearl millet | B5: 89.6 | C5: 19.1 | D5: =C5*0.833 -> 15.9103 | E5: 13.3 | F5: 68.7 | G5: 14.2 | H5: 13.8 | I5: 13.2 | J5: 74.4 | K5: 12.5 | L5: https://www.feedipedia.org/node/724
A6: Foxtail millet | B6: 90.2 | C6: 18.8 | G6: 14.3 | H6: 13.8 | I6: 14.3 | K6: 11.9 | L6: https://www.feedipedia.org/node/725
A7: Proso millet | B7: 90.6 | C7: 19.3 | D7: =C7*0.805 -> 15.5365 | E7: 12.8 | F7: 70.4 | G7: 14.9 | H7: 14.5 | I7: =AVERAGE(15.7,15.3) -> 15.5 | J7: 78.6 | K7: 14.2 | L7: https://www.feedipedia.org/node/722
A9: mean | B9: =AVERAGE(B4,B5,B6,B7) -> 89.85 | C9: =AVERAGE(C4:C7) -> 18.725 | D9: =AVERAGE(D4:D7) -> 15.148933 | E9: =AVERAGE(E4:E7) -> 12.633333 | G9: =AVERAGE(G4:G7) -> 14.45 | H9: =AVERAGE(H4:H7) -> 14.033333 | I9: =AVERAGE(I4:I7) -> 14.333333 | J9: =AVERAGE(J5,J7) -> 76.5 | K9: =AVERAGE(K4:K7) -> 11.875

Sheet Soybean meal)
A1: SOYBEAN MEAL
D2: ruminants | G2: monogastrics
A3: Name | B3: Dry matter (%) | C3: GE (MJ/kg) | D3: DE (MJ/kg) | E3: ME (MJ/kg) | F3: Nitrogen digestibility(%) | G3: DE (%) | H3: ME (MJ/kg) - pigs | I3: ME (MJ/kg) - poultry | J3: Nitrogen digestibility(%) | K3: CP (%DM) | L3: source
A4: Type 50 | B4: 88 | C4: 19.7 | D4: =C4*0.916 -> 18.0452 | E4: 13.4 | F4: 80.2 | G4: 17.3 | H4: 15.8 | I4: 11.3 | J4: 90.1 | K4: 55.2 | L4: https://www.feedipedia.org/node/11683
A5: type 48 | B5: 88 | C5: 19.7 | D5: =C5*0.907 -> 17.8679 | E5: 13.3 | F5: 80.2 | G5: 16.8 | H5: 15.3 | I5: 10.8 | J5: 86.7 | K5: 52.6 | L5: https://www.feedipedia.org/node/26068
A7: mean | B7: =AVERAGE(B4,B5) -> 88 | C7: =AVERAGE(C4:C5) -> 19.7 | D7: =AVERAGE(D4:D5) -> 17.95655 | E7: =AVERAGE(E4:E5) -> 13.35 | G7: =AVERAGE(G4:G5) -> 17.05 | H7: =AVERAGE(H4:H5) -> 15.55 | I7: =AVERAGE(I4:I5) -> 11.05 | J7: =AVERAGE(J4,J5) -> 88.4 | K7: =AVERAGE(K4:K5) -> 53.9

Sheet Linseed meal)
A1: LINSEED MEAL
D2: ruminants | G2: monogastrics
A3: Name | B3: Dry matter(%) | C3: GE (MJ/kg) | D3: DE (MJ/kg) | E3: ME (MJ/kg) | F3: Nitrogen digestibility (%) | G3: DE (%) | H3: ME (MJ/kg) - pigs | I3: ME (MJ/kg) - poultry | J3: Nitrogen digestibility (%) | K3: CP (%DM) | L3: source
A4: Linseed meal, cold-pressed | B4: 90.6 | C4: 19.7 | D4: =C4*0.916 -> 18.0452 | E4: 13.4 | F4: 76.6 | G4: 17.3 | H4: 15.8 | I4: 11.3 | J4: 87.5 | K4: 55.2 | L4: https://www.feedipedia.org/node/12262
A5: Linseed meal, solvent extraction | B5: 87.6 | C5: 19.7 | D5: =C5*0.907 -> 17.8679 | E5: 13.3 | F5: 76.9 | G5: 16.8 | H5: 15.3 | I5: 10.8 | J5: 87.8 | K5: 52.6 | L5: https://www.feedipedia.org/node/12263
A7: mean | B7: =AVERAGE(B4:B5) -> 89.1 | C7: =AVERAGE(C4:C5) -> 19.7 | D7: =AVERAGE(D4:D5) -> 17.95655 | E7: =AVERAGE(E4:E5) -> 13.35 | F7: =AVERAGE(F4:F5) -> 76.75 | G7: =AVERAGE(G4:G5) -> 17.05 | H7: =AVERAGE(H4:H5) -> 15.55 | I7: =AVERAGE(I4:I5) -> 11.05 | ... K7: =AVERAGE(K4:K5) -> 53.9

Sheet Copra meal)
A1: COPRA MEAL
D2: ruminants | G2: monogastrics
A3: Name | B3: Dry matter(%) | C3: GE (MJ/kg) | D3: DE (MJ/kg) | E3: ME (MJ/kg) | F3: Nitrogen digestibility(%) | G3: DE (%) | H3: ME (MJ/kg) - pigs | I3: ME (MJ/kg) - poultry | J3: Nitrogen digestibility(%) | K3: CP (%DM) | L3: source
A4: Coconut, copra, oilmeal, expeller extraction | B4: 91.5 | C4: 20.1 | D4: 15.9 | E4: 12.8 | F4: 76.5 | G4: 11.2 | H4: 10.4 | I4: 8.7 | J4: 70.9 | K4: 22.4 | L4: https://www.feedipedia.org/node/11997
A5: Coconut, copra, oilmeal, solvent extraction | B5: 89.8 | C5: 18.7 | D5: 14.5 | E5: 11.5 | F5: 76.7 | G5: 9.9 | H5: 9.2 | J5: 67.9 | K5: 23.5 | L5: https://www.feedipedia.org/node/11998
A7: mean | B7: =AVERAGE(B4:B5) -> 90.65 | C7: =AVERAGE(C4:C5) -> 19.4 | D7: =AVERAGE(D4:D5) -> 15.2 | E7: =AVERAGE(E4:E5) -> 12.15 | F7: =AVERAGE(F4:F5) -> 76.6 | G7: =AVERAGE(G4:G5) -> 10.55 | H7: =AVERAGE(H4:H5) -> 9.8 | I7: =AVERAGE(I4:I5) -> 8.7 | ... K7: =AVERAGE(K4:K5) -> 22.95

Sheet Groundnut meal)
A1: Groundnut meal
D2: ruminants | G2: monogastrics
A3: Name | B3: Dry matter (%) | C3: GE (MJ/kg) | D3: DE (MJ/kg) | E3: ME (MJ/kg) | F3: Nitrogen digestibility(%) | G3: DE (%) | H3: ME (MJ/kg) - pigs | I3: ME (MJ/kg) - poultry | J3: Nitrogen digestibility(%) | K3: CP (%DM) | L3: source
A4: Peanut meal, oil < 5%, low fibre | B4: 90.4 | C4: 20 | D4: 16.9 | E4: 12.6 | G4: 15.8 | H4: 14.5 | J4: 81 | K4: 53.3 | L4: https://www.feedipedia.org/node/12160
A5: Peanut meal, oil < 5%, high fibre | B5: 89.4 | C5: 20.2 | D5: 16.7 | E5: 12.3 | F5: 79.4 | G5: =C5*0.761 -> 15.3722 | H5: 15.4 | I5: 11.6 | J5: 85.4 | K5: 54.5 | L5: https://www.feedipedia.org/node/12891
A6: Peanut meal, oil > 5% | B6: 92.3 | C6: 21.7 | D6: 18.5 | E6: 14 | F6: 94 | G6: 17.2 | H6: 16 | I6: 11.7 | J6: 83 | K6: 49.1 | L6: https://www.feedipedia.org/node/12159
A8: mean | B8: =AVERAGE(B4,B5,B6) -> 90.7 | C8: =AVERAGE(C4:C6) -> 20.633333 | D8: =AVERAGE(D4:D6) -> 17.366667 | E8: =AVERAGE(E4:E6) -> 12.966667 | F8: =AVERAGE(F4:F6) -> 86.7 | G8: =AVERAGE(G4:G6) -> 16.124067 | H8: =AVERAGE(H4:H6) -> 15.3 | I8: =AVERAGE(I4:I6) -> 11.65 | J8: =AVERAGE(J4,J5,J6) -> 83.133333 | K8: =AVERAGE(K4:K6) -> 52.3

Sheet Cake of Bran Rice
A1: CAKE OF BRAN RICE
C2: ruminants | G2: monogastrics
A3: Name | B3: Dry matter(%) | C3: GE (MJ/kg) | D3: DE (MJ/kg) | E3: ME (MJ/kg) | F3: Nitrogen digestibility(%) | G3: DE (Mj/kg) | H3: ME (MJ/kg) - pigs | I3: ME (MJ/kg) - poultry | J3: Nitrogen digestibility (%) | K3: CP (%DM) | L3: source
A4: Rice bran, defatted, fibre < 11% | B4: 89.7 | C4: 17.9 | D4: 14 | E4: 11.4 | F4: 72.7 | G4: 13.4 | H4: 12.7 | I4: =AVERAGE(9.9,9.6) -> 9.75 | J4: 62.7 | K4: 16 | L4: https://www.feedipedia.org/node/11639
A5: Rice bran, defatted, fibre 11-20% | B5: 89 | C5: 17.1 | D5: 12 | E5: 9.7 | F5: 71 | G5: 11.4 | H5: 10.8 | I5: =AVERAGE(7.8,7.6) -> 7.7 | J5: 55.6 | K5: 17.1 | L5: https://www.feedipedia.org/node/11640
A6: Rice bran, defatted, fibre > 20% | B6: 91.6 | C6: 17 | D6: 6 | E6: 4.9 | F6: 26.8 | G6: 7.1 | H6: 6.6 | I6: =AVERAGE(5.2,5) -> 5.1 | K6: 6.7 | L6: https://www.feedipedia.org/node/11641
A8: mean | B8: =AVERAGE(B4,B5,B6) -> 90.1 | C8: =AVERAGE(C4,C5,C6) -> 17.333333 | D8: =AVERAGE(D4,D5,D6) -> 10.666667 | E8: =AVERAGE(E4,E5,E6) -> 8.6666667 | F8: =AVERAGE(F4,F5,F6) -> 56.833333 | G8: =AVERAGE(G4,G5,G6) -> 10.633333 | H8: =AVERAGE(H4,H5,H6) -> 10.033333 | I8: =AVERAGE(I4,I5,I6) -> 7.5166667 | ... K8: =AVERAGE(K4,K5,K6) -> 13.266667

Sheet Whey,dry
A31: WHEY DRY
C32: ruminants | G32: monogastrics
A33: Name | B33: Dry matter(%) | C33: GE (MJ/kg) | D33: DE (MJ/kg) | E33: ME (MJ/kg) | F33: Nitrogen digestibility(%) | G33: DE (Mj/kg) | H33: ME (MJ/kg) - pigs | I33: ME (MJ/kg) - poultry | J33: Nitrogen digestibility (%) | K33: CP (%DM) | L33: source
A34: Whey, sweet, dehydrated, skimmed | B34: 97 | C34: 16.1 | D34: 14.7 | E34: 12.3 | F34: 73.9 | G34: 15.3 | H34: 14.8 | K34: 12.5 | L34: https://www.feedipedia.org/node/12893
A35: Whey, acid, dehydrated, skimmed | B35: 97.1 | C35: 15.4 | D35: 14 | E35: 11.8 | F35: 71.2 | G35: 14.6 | H35: 14.2 | I35: 12.1 | K35: 9.3 | L35: https://www.feedipedia.org/node/12894
A37: mean | B37: =AVERAGE(B34,B35) -> 97.05 | C37: =AVERAGE(C34,C35) -> 15.75 | D37: =AVERAGE(D34,D35) -> 14.35 | E37: =AVERAGE(E34,E35) -> 12.05 | F37: =AVERAGE(F34,F35) -> 72.55 | G37: =AVERAGE(G34,G35) -> 14.95 | H37: =AVERAGE(H34,H35) -> 14.5 | I37: =AVERAGE(I34,I35) -> 12.1 | ... K37: =AVERAGE(K34,K35) -> 10.9

Sheet Buckwheat Bran
A1: BUCKWHEAT BRAN
C2: ruminants | G2: monogastrics
A3: Name | B3: Dry matter(%) | C3: GE (MJ/kg) | D3: DE (MJ/kg) | E3: ME (MJ/kg) | F3: Nitrogen digestibility(%) | G3: DE (Mj/kg) | H3: ME (MJ/kg) - pigs | I3: ME (MJ/kg) - poultry | J3: Nitrogen digestibility (%) | K3: CP (%DM) | L3: source
A5: Buckwheat (Fagopyrum esculentum) bran, protein > 25% | B5: 88.3 | C5: 20.6 | D5: =C5*0.73 -> 15.038 | E5: 11.9 | F5: 75.1 | G5: 14.5 | H5: 13.6 | I5: =AVERAGE(13.6,13.2) -> 13.4 | J5: 78.8 | K5: 34.6 | L5: https://www.feedipedia.org/node/25596
A6: Buckwheat (Fagopyrum esculentum) bran, protein < 25% | B6: 88.6 | C6: 19.3 | D6: =C6*0.66 -> 12.738 | E6: 10.3 | F6: 65.9 | G6: 12.2 | H6: 11.7 | I6: =AVERAGE(12,11.8) -> 11.9 | J6: 61.4 | K6: 18.3 | L6: https://www.feedipedia.org/node/25597
A8: mean | B8: =AVERAGE(B5,B6) -> 88.45 | C8: =AVERAGE(C5,C6) -> 19.95 | D8: =AVERAGE(D5,D6) -> 13.888 | E8: =AVERAGE(E5,E6) -> 11.1 | F8: =AVERAGE(F5,F6) -> 70.5 | G8: =AVERAGE(G5,G6) -> 13.35 | H8: =AVERAGE(H5,H6) -> 12.65 | I8: =AVERAGE(I5,I6) -> 12.65 | ... K8: =AVERAGE(K5,K6) -> 26.45

Sheet Bran of Rice
A1: BRAN OF RICE
C2: ruminants | G2: monogastrics
A3: Name | B3: Dry matter(%) | C3: GE (MJ/kg) | D3: DE (MJ/kg) | E3: ME (MJ/kg) | F3: Nitrogen digestibility(%) | G3: DE (Mj/kg) | H3: ME (MJ/kg) - pigs | I3: ME (MJ/kg) - poultry | J3: Nitrogen digestibility (%) | K3: CP (%DM) | L3: source
A4: Rice bran, fibre < 4% | B4: 90 | C4: 20.5 | D4: 19 | E4: 15.8 | F4: 75.8 | G4: 17.2 | H4: 16.7 | K4: 14.2 | L4: https://www.feedipedia.org/node/11642
A5: Rice bran, fibre 4-11% | B5: 90.1 | C5: 21.2 | D5: 16 | E5: 13.1 | F5: 62 | G5: 16.2 | H5: 15.6 | I5: 12.7 | J5: 79.5 | K5: 14.8 | L5: https://www.feedipedia.org/node/11636
A6: Rice bran, fibre 11-20% | B6: 90.2 | C6: 20.2 | D6: 12.3 | E6: 10.1 | F6: 59.9 | G6: 13 | H6: 12.5 | I6: =AVERAGE(10.6,10.3) -> 10.45 | J6: 68.9 | K6: 12.7 | L6: https://www.feedipedia.org/node/11637
A7: Rice bran, fibre > 20% | B7: 91.7 | C7: 19.3 | D7: 8.2 | E7: 6.7 | F7: 39.6 | G7: 8.8 | H7: 8.3 | K7: 8.8 | L7: https://www.feedipedia.org/node/11638
A9: mean | B9: =AVERAGE(B5,B4,B6,B7) -> 90.5 | C9: =AVERAGE(C5,C4,C6,C7) -> 20.3 | D9: =AVERAGE(D5,D4,D6,D7) -> 13.875 | E9: =AVERAGE(E5,E4,E6,E7) -> 11.425 | F9: =AVERAGE(F5,F4,F6,F7) -> 59.325 | G9: =AVERAGE(G5,G4,G6,G7) -> 13.8 | H9: =AVERAGE(H5,H4,H6,H7) -> 13.275 | I9: =AVERAGE(I5,I4,I6,I7) -> 11.575 | ... K9: =AVERAGE(K5,K4,K6,K7) -> 12.625

Sheet Maize germ meal
A1: MAIZE MEAL
C2: ruminants | G2: monogastrics
A3: Name | B3: Dry matter(%) | C3: GE (MJ/kg) | D3: DE (MJ/kg) | E3: ME (MJ/kg) | F3: Nitrogen digestibility(%) | G3: DE (Mj/kg) | H3: ME (MJ/kg) - pigs | I3: ME (MJ/kg) - poultry | J3: Nitrogen digestibility (%) | K3: CP (%DM) | L3: source
A4: Maize germ meal, protein 20-30%, oil > 5% | B4: 95.6 | C4: 20.7 | D4: 16.3 | E4: 13.1 | F4: 82.9 | G4: 15.4 | H4: 14.4 | I4: 9.8 | J4: 71 | K4: 25.6 | L4: https://www.feedipedia.org/node/12286
A5: Maize germ meal, protein 20-30%, oil < 5% | B5: 87.7 | C5: 19.5 | D5: 15.3 | E5: 12.2 | F5: 49.6 | G5: 14.6 | H5: 13.6 | I5: 8.8 | K5: 28.9 | L5: https://www.feedipedia.org/node/20332
A6: Maize germ meal, protein < 20%, oil > 5% | B6: 91.4 | C6: 20.7 | D6: 17.7 | E6: 14.6 | F6: 55.3 | I6: 12.3 | K6: 14.9 | L6: https://www.feedipedia.org/node/20333
A7: Maize germ meal, protein < 20%, oil < 5% | B7: 90.2 | C7: 17.7 | D7: 14.3 | E7: 11.8 | F7: 51.1 | G7: 11.3 | H7: 9.6 | J7: 63.8 | K7: 14.3 | L7: https://www.feedipedia.org/node/20334
A11: mean | B11: =AVERAGE(B4,B5,B6,B7) -> 91.225 | C11: =AVERAGE(C4,C5,C6,C7) -> 19.65 | D11: =AVERAGE(D4,D5,D6,D7) -> 15.9 | E11: =AVERAGE(E4,E5,E6,E7) -> 12.925 | F11: =AVERAGE(F4,F5,F6,F7) -> 59.725 | G11: =AVERAGE(G4,G5,G6,G7) -> 13.766667 | H11: =AVERAGE(H4,H5,H6,H7) -> 12.533333 | I11: =AVERAGE(I4,I5,I6,I7) -> 10.3 | ... K11: =AVERAGE(K4,K5,K6,K7) -> 20.925

Sheet Maize germ
A1: MAIZE GERM
C2: ruminants | G2: monogastrics
A3: Name | B3: Dry matter(%) | C3: GE (MJ/kg) | D3: DE (MJ/kg) | E3: ME (MJ/kg) | F3: Nitrogen digestibility(%) | G3: DE (Mj/kg) | H3: ME (MJ/kg) - pigs | I3: ME (MJ/kg) - poultry | J3: Nitrogen digestibility (%) | K3: CP (%DM) | L3: source
A4: Maize germ, oil < 30% | B4: 91.2 | C4: 22.5 | D4: 19.6 | E4: 16.2 | G4: 16.3 | H4: 15.6 | I4: 13.9 | J4: 76.3 | K4: 15.3 | L4: https://www.feedipedia.org/node/20335
A5: Maize germ, oil > 30% | B5: 95.1 | C5: 28.9 | D5: 24.5 | E5: 20.3 | F5: 83 | G5: 22.9 | H5: 22.4 | I5: 17.3 | K5: 12.8 | L5: https://www.feedipedia.org/node/20336
A7: mean | B7: =AVERAGE(B4,B5) -> 93.15 | C7: =AVERAGE(C4,C5) -> 25.7 | D7: =AVERAGE(D4,D5) -> 22.05 | E7: =AVERAGE(E4,E5) -> 18.25 | F7: =AVERAGE(F4,F5) -> 83 | G7: =AVERAGE(G4,G5) -> 19.6 | H7: =AVERAGE(H4,H5) -> 19 | I7: =AVERAGE(I4,I5) -> 15.6 | ... K7: =AVERAGE(K4,K5) -> 14.05

Sheet Hempseed meal)
A1: HEMPSEED MEAL
D2: ruminants | G2: monogastrics
A3: Name | B3: GE (MJ/kg) | C3: Dry matter (%) | D3: DE (MJ/kg) | E3: ME (MJ/kg) | F3: Nitorgen digestibility (%) | G3: DE (%) | H3: ME (MJ/kg) - pigs | I3: ME (MJ/kg) - poultry | J3: Nitorgen digestibility (%) | K3: CP (%DM) | L3: source
A4: Hemp oil meal, mechanical extraction | B4: 21.6 | C4: 91.3 | D4: =B4*0.543 -> 11.7288 | E4: 9 | F4: 71.9 | G4: 12 | H4: 11.2 | I4: 10.25 | J4: 55.6 | K4: 31.9 | L4: https://www.feedipedia.org/node/11694
A5: Hemp oil meal, solvent extraction | B5: 19.4 | C5: 88.7 | D5: =B5*0.543 -> 10.5342 | G5: =B5*0.403 -> 7.8182 | H5: 8.3 | K5: 39.2 | L5: https://www.feedipedia.org/node/11695
A7: mean | B7: =AVERAGE(B4:B5) -> 20.5 | C7: =AVERAGE(C4,C5) -> 90 | D7: =AVERAGE(D4:D5) -> 11.1315 | E7: =AVERAGE(E4:E5) -> 9 | G7: =AVERAGE(G4:G5) -> 9.9091 | H7: =AVERAGE(H4:H5) -> 9.75 | I7: =AVERAGE(I4:I5) -> 10.25 | K7: =AVERAGE(K4:K5) -> 35.55

Sheet Rapeseed meal)
A1: RAPESEED MEAL
D2: ruminants | G2: monogastrics
A3: Name | B3: Dry matter(%) | C3: GE (MJ/kg) | D3: DE (MJ/kg) | E3: ME (MJ/kg) | F3: Nitrogen digestibility(%) | G3: DE (%) | H3: ME (MJ/kg) - pigs | I3: ME (MJ/kg) - poultry | J3: Nitrogen digestibility(%) | K3: CP (%DM) | L3: source
A4: Rapeseed meal, 00 type, oil < 5% as fed, solvent extraction | B4: 89 | C4: 19.3 | D4: =C4*0.75 -> 14.475 | E4: 11.1 | F4: 77.2 | G4: 13.3 | H4: 12.2 | I4: =AVERAGE(7.7,6.8) -> 7.25 | J4: 76.6 | K4: 38.1 | L4: https://www.feedipedia.org/node/12503
A5: Rapeseed meal, 00 type, oil > 5% as fed, mechanical extraction | B5: 92 | C5: 21.4 | D5: =C5*0.785 -> 16.799 | E5: 13.1 | F5: 77 | G5: 15.2 | H5: 14.2 | I5: =AVERAGE(11.2,10.5) -> 10.85 | J5: 79 | K5: 33.7 | L5: https://www.feedipedia.org/node/12502
A7: mean | B7: =AVERAGE(B4:B5) -> 90.5 | C7: =AVERAGE(C4:C5) -> 20.35 | D7: =AVERAGE(D4:D5) -> 15.637 | E7: =AVERAGE(E4:E5) -> 12.1 | F7: =AVERAGE(F4:F5) -> 77.1 | G7: =AVERAGE(G4:G5) -> 14.25 | H7: =AVERAGE(H4:H5) -> 13.2 | I7: =AVERAGE(I4:I5) -> 9.05 | ... K7: =AVERAGE(K4:K5) -> 35.9

Sheet Cottonseed meal)
A1: COTTONSEED MEAL
C2: ruminants | G2: monogastrics
A3: Name | B3: Dry matter(%) | C3: GE (MJ/kg) | D3: DE (MJ/kg) | E3: ME (MJ/kg) | F3: Nitrogen digestibility(%) | G3: DE (%) | H3: ME (MJ/kg) - pigs | I3: ME (MJ/kg) - poultry | J3: Nitrogen digestibility (%) | K3: CP (%DM) | L3: source
A4: Cottonseed meal, low fibre, low oil | B4: 90.9 | C4: 20 | D4: =C4*0.784 -> 15.68 | F4: 81.8 | G4: 14 | H4: 12.7 | I4: 10.6 | J4: 73.8 | K4: 47.3 | L4: https://www.feedipedia.org/node/12021
A5: Cottonseed meal, low fibre, high oil | B5: 92.2 | C5: 21.2 | D5: 17.5 | E5: 13.2 | F5: 82.8 | G5: 13.5 | H5: 12.3 | I5: 9.4 | J5: 76 | K5: 45 | L5: https://www.feedipedia.org/node/12022
A6: Cottonseed meal, high fibre, high oil | B6: 92.9 | C6: 21.5 | D6: 15.5 | E6: 11.9 | F6: 77.5 | I6: 9.1 | K6: 37.4 | L6: https://www.feedipedia.org/node/12023
A7: Cottonseed meal, high fibre, low oil | B7: 90.2 | C7: 19.9 | D7: 13.5 | E7: 10.2 | F7: 79.3 | G7: 11.8 | H7: 10.8 | J7: 70.5 | K7: 40 | L7: https://www.feedipedia.org/node/16275
A9: mean | B9: =AVERAGE(B4:B7) -> 91.55 | C9: =AVERAGE(C4:C7) -> 20.65 | D9: =AVERAGE(D4:D7) -> 15.545 | E9: =AVERAGE(E4:E7) -> 11.766667 | F9: =AVERAGE(F4:F7) -> 80.35 | G9: =AVERAGE(G4:G7) -> 13.1 | H9: =AVERAGE(H4:H7) -> 11.933333 | I9: =AVERAGE(I4:I7) -> 9.7 | ... K9: =AVERAGE(K4:K7) -> 42.425

Sheet Meat meal
A1: MEAT MEAL
C2: ruminants | G2: monogastrics
A3: Name | B3: Dry matter(%) | C3: GE (MJ/kg) | D3: DE (MJ/kg) | E3: ME (MJ/kg) | F3: Nitrogen digestibility(%) | G3: DE (Mj/kg) | H3: ME (MJ/kg) - pigs | I3: ME (MJ/kg) - poultry | J3: Nitrogen digestibility (%) | K3: CP (%DM) | L3: source
A4: Meat and bone meal, high-fat | B4: 95.8 | C4: 17.7 | G4: 12.1 | H4: 10.9 | I4: 11.8 | J4: 81.2 | K4: 54.9 | L4: https://www.feedipedia.org/node/12323
A5: Meat and bone meal, low-fat | B5: 93.2 | C5: 16.7 | G5: 11.6 | H5: 10.2 | I5: 11.9 | J5: 82.1 | K5: 62 | L5: https://www.feedipedia.org/node/13628
A7: mean | B7: =AVERAGE(B4,B5) -> 94.5 | C7: =AVERAGE(C4,C5) -> 17.2 | G7: =AVERAGE(G4,G5) -> 11.85 | H7: =AVERAGE(H4,H5) -> 10.55 | I7: =AVERAGE(I4,I5) -> 11.85 | J7: =AVERAGE(J4,J5) -> 81.65 | K7: =AVERAGE(K4,K5) -> 58.45

Sheet Fish meal
A1: FISH MEAL
C2: ruminants | G2: monogastrics
A3: Name | B3: Dry matter(%) | C3: GE (MJ/kg) | D3: DE (MJ/kg) | E3: ME (MJ/kg) | F3: Nitrogen digestibility(%) | G3: DE (Mj/kg) | H3: ME (MJ/kg) - pigs | I3: ME (MJ/kg) - poultry | J3: Nitrogen digestibility (%) | K3: CP (%DM) | L3: source
A4: Fish meal, high protein | B4: 92.1 | C4: 21.9 | D4: 21.3 | E4: 14.8 | G4: 19.5 | H4: 16 | I4: 16 | J4: 92.5 | K4: 75.4 | L4: https://www.feedipedia.org/node/11685
A5: Fish meal, 60-68% protein as fed | B5: 92.2 | C5: 20.4 | D5: 19.6 | E5: 13.6 | F5: 95 | G5: 18.1 | H5: 16.5 | I5: 14.4 | J5: 86.8 | K5: 70.6 | L5: https://www.feedipedia.org/node/11687
A6: Fish meal, low protein | B6: 92.5 | C6: 19 | G6: 16.5 | I6: 12 | K6: 48.4 | L6: https://www.feedipedia.org/node/11686
A8: mean | B8: =AVERAGE(B4,B5,B6) -> 92.266667 | C8: =AVERAGE(C4,C5,C6) -> 20.433333 | D8: =AVERAGE(D4,D5,D6) -> 20.45 | E8: =AVERAGE(E4,E5,E6) -> 14.2 | F8: =AVERAGE(F4,F5,F6) -> 95 | G8: =AVERAGE(G4,G5,G6) -> 18.033333 | H8: =AVERAGE(H4,H5,H6) -> 16.25 | I8: =AVERAGE(I4,I5,I6) -> 14.133333 | ... K8: =AVERAGE(K4,K5,K6) -> 64.8

Sheet Palm kernel meal)
A1: COPRA MEAL
D2: ruminants | G2: monogastrics
A3: Name | B3: GE (MJ/kg) | C3: Dry matter (%) | D3: DE (MJ/kg) | E3: ME (MJ/kg) | F3: Nitrogen digestibility(%) | G3: DE (%) | H3: ME (MJ/kg) - pigs | I3: ME (MJ/kg) - poultry | J3: Nitrogen digestibility(%) | K3: CP (%DM) | L3: source
A4: Palm kernel meal, mechanical extraction | B4: 20.1 | C4: 91.2 | D4: 14.3 | E4: 11.6 | F4: 73.3 | G4: 8.4 | H4: 7.8 | I4: 11.1 | J4: 63.1 | K4: 16.7 | L4: https://www.feedipedia.org/node/12420
A5: Palm kernel meal, solvent extraction | B5: 18.8 | C5: 90.9 | D5: 13.3 | E5: 10.7 | F5: 74.2 | G5: 7.8 | H5: 7.3 | I5: 10.1 | J5: 64.7 | K5: 18.7 | L5: https://www.feedipedia.org/node/12421
A7: mean | B7: =AVERAGE(B4:B5) -> 19.45 | C7: =AVERAGE(C4,C5) -> 91.05 | D7: =AVERAGE(D4:D5) -> 13.8 | E7: =AVERAGE(E4:E5) -> 11.15 | F7: =AVERAGE(F4,F5) -> 73.75 | G7: =AVERAGE(G4:G5) -> 8.1 | H7: =AVERAGE(H4:H5) -> 7.55 | I7: =AVERAGE(I4:I5) -> 10.6 | J7: =AVERAGE(J5,J4) -> 63.9 | K7: =AVERAGE(K4:K5) -> 17.7

Sheet GRNBYDRY)
A1: GRNBYDRY | D1: By product from grain industries: brans, middlings
D2: ruminants | G2: monogastrics
A3: Name | B3: Dry matter(%) | C3: GE (MJ/kg) | D3: DE (MJ/kg) | E3: ME (MJ/kg) | F3: Nitrogen digestibility(%) | G3: DE (MJ/kg) | H3: ME (MJ/kg) - pigs | I3: ME (MJ/kg) - poultry | J3: Nitrogen digestibility(%) | K3: CP (%DM) | L3: source
A4: wheat bran | B4: 87 | C4: 18.9 | D4: 13.5 | E4: 11 | F4: 68.2 | G4: 10.8 | H4: 10.2 | I4: =AVERAGE(7.8,7.4) -> 7.6 | J4: 64.9 | K4: 17.3 | L4: http://www.feedipedia.org/node/726
A5: oat bran | B5: 90.6 | C5: 19.8 | D5: 16.7 | E5: 13.7 | G5: 16.6 | H5: 15.9 | K5: 19.3 | L5: http://www.feedipedia.org/node/12385
A6: rye bran | B6: 88 | C6: 18.5 | D6: 14.5 | E6: 11.9 | F6: 83 | G6: 14.8 | H6: 14.1 | K6: 16.9 | L6: http://www.feedipedia.org/node/12541
A7: sorghum bran and milling offal | B7: 89.8 | C7: 18.8 | D7: 15.8 | E7: 13.2 | G7: 15 | I7: 9.3 | K7: 11.7 | L7: http://www.feedipedia.org/node/12611
A8: Maize bran | B8: 88.7 | C8: 18.5 | D8: 13.4 | E8: 11 | F8: 92.3 | G8: 10.1 | H8: 9.7 | I8: 8.8 | J8: 45.5 | K8: 11.9 | L8: http://www.feedipedia.org/node/712
A9: Rice bran, fibre < 4% | B9: 90 | C9: 20.5 | D9: 19 | E9: 15.8 | F9: 75.8 | G9: 17.2 | H9: 16.7 | K9: 14.2 | L9: https://www.feedipedia.org/node/11642
A10: Rice bran, fibre 4-11% | B10: 90.1 | C10: 21.2 | D10: 16 | E10: 13.1 | F10: 68 | G10: 16.2 | H10: 15.6 | I10: 12.7 | J10: 79.5 | K10: 14.8 | L10: https://www.feedipedia.org/node/11636
A11: Rice bran, fibre 11-20% | B11: 90.2 | C11: 20.2 | D11: 12.3 | E11: 10.1 | F11: 59.9 | G11: 13 | H11: 12.5 | I11: =AVERAGE(10.6,10.3) -> 10.45 | J11: 68.9 | K11: 12.7 | L11: https://www.feedipedia.org/node/11637
A12: Rice bran, fibre > 20% | B12: 91.7 | C12: 19.3 | D12: 8.2 | E12: 6.7 | F12: 39.6 | G12: 8.8 | H12: 8.3 | K12: 8.8 | L12: https://www.feedipedia.org/node/11638
A13: wheat middlings | B13: 87.9 | C13: 19.2 | D13: 14.8 | E13: 12.1 | F13: 70.4 | G13: 13.1 | H13: 13.2 | I13: =AVERAGE(10.5,10.1) -> 10.3 | J13: 71.8 | K13: 17.7 | L13: http://www.feedipedia.org/node/12756
A15: mean | B15: =AVERAGE(B4:B13) -> 89.4 | C15: =AVERAGE(C4:C13) -> 19.49 | D15: =AVERAGE(D4:D13) -> 14.42 | E15: =AVERAGE(E4:E13) -> 11.86 | F15: =AVERAGE(F4:F13) -> 69.65 | G15: =AVERAGE(G4:G13) -> 13.56 | H15: =AVERAGE(H4:H13) -> 12.911111 | I15: =AVERAGE(I4:I13) -> 9.8583333 | ... K15: =AVERAGE(K4:K13) -> 14.53

Sheet GRNBYWET)
A1: GRNBYWET) | C1: By product from breweries, distilleries, bio fuels etc.
D2: ruminants | G2: monogastrics
A3: Name | B3: Dry matter (%) | C3: GE (MJ/kg) | D3: DE (MJ/kg) | E3: ME (MJ/kg) | F3: Nitrogen digestibility (%) | G3: DE (MJ/kg) | H3: ME (MJ/kg) - pigs | I3: ME (MJ/kg) - poultry | J3: Nitrogen digestibility (%) | K3: CP (%DM) | L3: source
A4: Brewers grains, dehydrated | B4: 91 | C4: 19.7 | D4: 12.4 | E4: 9.9 | F4: 70.2 | G4: 10.6 | H4: 9.8 | I4: 9.2 | J4: 76.9 | K4: 25.8 | L4: https://www.feedipedia.org/node/11893
A5: Brewers grains, fresh | B5: 24.9 | C5: 20.3 | D5: 12.6 | E5: 10 | F5: 76.5 | G5: 11 | H5: 10.1 | J5: 77 | K5: 25.9 | L5: https://www.feedipedia.org/node/11895
A6: Brewers grains, ensiled | B6: 25.6 | C6: 20.6 | D6: 13 | E6: 10.2 | F6: 78.3 | K6: 29.2 | L6: https://www.feedipedia.org/node/11894
A7: pearl millet, brewers' grains | B7: 91 | C7: 20.7 | D7: =C7*0.64 -> 13.248 | G7: 13.6 | K7: 21.1 | L7: http://www.feedipedia.org/node/11691
A8: Wheat distillers grain with solubles, starch > 7 % | B8: 92.4 | C8: 20.2 | D8: 16.5 | E8: 13.1 | F8: 76.3 | G8: 15.1 | H8: 14.2 | I8: =AVERAGE(11,10.6) -> 10.8 | J8: 76.1 | K8: 31.4 | L8: https://www.feedipedia.org/node/12802
A9: wheat distillers grain with solubles, starch < 7 % | B9: 90.6 | C9: 20.5 | D9: 16.1 | E9: 12.5 | F9: 77.1 | G9: 13.9 | H9: 12.8 | I9: =AVERAGE(9.9,9.5) -> 9.7 | J9: 71.4 | K9: 37.3 | L9: http://www.feedipedia.org/node/12801
A10: Malt distillers grains (draff), fresh | B10: 24.1 | C10: 21.5 | D10: 11.1 | E10: 8.9 | F10: 73.9 | K10: 20.3 | L10: https://www.feedipedia.org/node/11826
A11: Malt distillers dark grains, dried | B11: 90.7 | C11: 21.3 | D11: 15.1 | E11: 12 | G11: 15.3 | H11: 14.4 | I11: 9.6 | K11: 27.8 | L11: https://www.feedipedia.org/node/11827
A12: Barley distillers grains (ethanol) | B12: 91.3 | C12: 21.2 | D12: 14.2 | E12: 11.3 | G12: 14.5 | I12: 13.7 | K12: 28.2 | L12: https://www.feedipedia.org/node/19499
A13: Maize distillers dried grains and solubles | B13: 89 | C13: 21.4 | D13: 17.8 | E13: 14.2 | F13: 77 | G13: 16.3 | H13: 15.3 | I13: =AVERAGE(12.6,12.3) -> 12.45 | J13: 83 | K13: 29.5 | L13: https://www.feedipedia.org/node/12282
A14: Maize distillers dried grains and solubles, high protein | B14: 92.2 | C14: 21 | D14: 17.9 | E14: 13.7 | F14: 78.7 | G14: 16.7 | H14: 15.6 | I14: =AVERAGE(12.6,12.4) -> 12.5 | K14: 44 | L14: https://www.feedipedia.org/node/12850
A15: Maize distillers dried grains and solubles, fat < 6 % | B15: 88.3 | C15: 19.2 | D15: 15.6 | E15: 12.4 | F15: 76.6 | G15: 14.1 | H15: 13.2 | I15: 10.2 | K15: 27.9 | L15: https://www.feedipedia.org/node/12851
A16: Maize distillers wet grains and solubles | B16: 35.2 | C16: 21.7 | D16: 18.2 | E16: 14.4 | F16: 77.6 | G16: 15.3 | H16: 14.4 | I16: =AVERAGE(12.7,13) -> 12.85 | K16: 31.8 | L16: https://www.feedipedia.org/node/12283
A17: rye distiller's grains and solubles | B17: 92.9 | C17: 20.9 | D17: 13.1 | E17: 10.3 | F17: 73.3 | K17: 31.3 | L17: http://www.feedipedia.org/node/17475
A19: mean | B19: =AVERAGE(B4:B17) -> 72.8 | C19: =AVERAGE(C4:C17) -> 20.728571 | D19: =AVERAGE(D4:D17) -> 14.774857 | E19: =AVERAGE(E4:E17) -> 11.761538 | F19: =AVERAGE(F4:F17) -> 75.954545 | G19: =AVERAGE(G4:G17) -> 14.218182 | H19: =AVERAGE(H4:H17) -> 13.311111 | I19: =AVERAGE(I4:I17) -> 11.222222 | ... K19: =AVERAGE(K4:K17) -> 29.392857
